cl60_1010	OC1	1	1	1
cl60_1012	K19	1	4	0.25
cl60_1012	K65	2	4	0.5
cl60_1012	OC1	3	4	0.75
cl60_1012	OC20	1	4	0.25
cl60_102	K37	1	1	1
cl60_102	OC12	1	1	1
cl60_1031	K30	1	1	1
cl60_1031	OC1	1	1	1
cl60_1039	OC20	2	2	1
cl60_1044	K2	2	2	1
cl60_1044	OC1	2	2	1
cl60_1069	K125	1	1	1
cl60_1069	OC2	1	1	1
cl60_1074	OC20	1	1	1
cl60_1079	K217	1	1	1
cl60_1079	OC2	1	1	1
cl60_107	K13	11	13	0.846154
cl60_107	K152	1	13	0.0769231
cl60_107	K2	1	13	0.0769231
cl60_107	OC10	1	13	0.0769231
cl60_107	OC1	6	13	0.461538
cl60_107	OC2	2	13	0.153846
cl60_107	OC7	3	13	0.230769
cl60_1109	K38	1	2	0.5
cl60_1109	OC6	2	2	1
cl60_1135	K38	1	2	0.5
cl60_1135	OC6	2	2	1
cl60_113	K52	9	9	1
cl60_113	OC10	1	9	0.111111
cl60_113	OC1	2	9	0.222222
cl60_113	OC3	1	9	0.111111
cl60_113	OC6	3	9	0.333333
cl60_113	OC7	1	9	0.111111
cl60_113	OC9	1	9	0.111111
cl60_1142	K40/K91	1	2	0.5
cl60_1142	K47	1	2	0.5
cl60_1142	OC1	2	2	1
cl60_1145	K202	1	6	0.166667
cl60_1145	K227	1	6	0.166667
cl60_1145	K34	2	6	0.333333
cl60_1145	OC16	1	6	0.166667
cl60_1145	OC4	4	6	0.666667
cl60_1145	OC7	1	6	0.166667
cl60_1146	K151	1	7	0.142857
cl60_1146	K203	2	7	0.285714
cl60_1146	OC11	1	7	0.142857
cl60_1146	OC1	3	7	0.428571
cl60_1146	OC15	2	7	0.285714
cl60_1146	OC20	1	7	0.142857
cl60_1147	K24-Wzy-GI2	3	4	0.75
cl60_1147	OC2	1	4	0.25
cl60_1147	OC7	3	4	0.75
cl60_1150	OC16	1	1	1
cl60_1158	K107	5	136	0.0367647
cl60_1158	K1	15	136	0.110294
cl60_1158	K118	1	136	0.00735294
cl60_1158	K125	2	136	0.0147059
cl60_1158	K12	9	136	0.0661765
cl60_1158	K13	1	136	0.00735294
cl60_1158	K146	2	136	0.0147059
cl60_1158	K147	2	136	0.0147059
cl60_1158	K15	10	136	0.0735294
cl60_1158	K152	5	136	0.0367647
cl60_1158	K155	3	136	0.0220588
cl60_1158	K17	13	136	0.0955882
cl60_1158	K18	15	136	0.110294
cl60_1158	K191	1	136	0.00735294
cl60_1158	K1-Wzy/Atr25-GI1	3	136	0.0220588
cl60_1158	K1-Wzy-GI1	1	136	0.00735294
cl60_1158	K20	2	136	0.0147059
cl60_1158	K215	1	136	0.00735294
cl60_1158	K237	1	136	0.00735294
cl60_1158	K241	1	136	0.00735294
cl60_1158	K25	5	136	0.0367647
cl60_1158	K3	2	136	0.0147059
cl60_1158	K32	1	136	0.00735294
cl60_1158	K34	2	136	0.0147059
cl60_1158	K40/K91	6	136	0.0441176
cl60_1158	K42	1	136	0.00735294
cl60_1158	K4	9	136	0.0661765
cl60_1158	K91	7	136	0.0514706
cl60_1158	K9	3	136	0.0220588
cl60_1158	OC10	3	136	0.0220588
cl60_1158	OC11	1	136	0.00735294
cl60_1158	OC13	8	136	0.0588235
cl60_1158	OC1	47	136	0.345588
cl60_1158	OC18	1	136	0.00735294
cl60_1158	OC2	17	136	0.125
cl60_1158	OC3	26	136	0.191176
cl60_1158	OC4	6	136	0.0441176
cl60_1158	OC5	22	136	0.161765
cl60_1158	OC7	4	136	0.0294118
cl60_1159	K146	1	2	0.5
cl60_1159	OC1	1	2	0.5
cl60_1159	OC20	1	2	0.5
cl60_115	K203	5	6	0.833333
cl60_115	K227	1	6	0.166667
cl60_115	OC15	1	6	0.166667
cl60_115	OC4	4	6	0.666667
cl60_115	OC7	1	6	0.166667
cl60_1161	K4	1	1	1
cl60_1161	OC3	1	1	1
cl60_1164	K17	2	7	0.285714
cl60_1164	K18	4	7	0.571429
cl60_1164	OC1	1	7	0.142857
cl60_1164	OC3	6	7	0.857143
cl60_1176	K202	1	6	0.166667
cl60_1176	K227	1	6	0.166667
cl60_1176	K34	2	6	0.333333
cl60_1176	OC16	1	6	0.166667
cl60_1176	OC4	4	6	0.666667
cl60_1176	OC7	1	6	0.166667
cl60_1180	K23	1	1	1
cl60_1180	OC2	1	1	1
cl60_1189	K53	1	1	1
cl60_1189	OC1	1	1	1
cl60_119	K53	4	4	1
cl60_119	OC1	2	4	0.5
cl60_119	OC12	2	4	0.5
cl60_123	K45	4	4	1
cl60_123	OC6	4	4	1
cl60_124	K85	1	1	1
cl60_124	OC6	1	1	1
cl60_133	K192	2	2	1
cl60_133	OC2	2	2	1
cl60_134	OC6	2	2	1
cl60_136	OC20	1	1	1
cl60_142	OC1	1	4	0.25
cl60_142	OC13	1	4	0.25
cl60_142	OC4	2	4	0.5
cl60_143	K20	5	7	0.714286
cl60_143	K34	2	7	0.285714
cl60_143	OC1	1	7	0.142857
cl60_143	OC12	1	7	0.142857
cl60_143	OC4	5	7	0.714286
cl60_146	K20	1	3	0.333333
cl60_146	K34	2	3	0.666667
cl60_146	OC1	1	3	0.333333
cl60_146	OC22	1	3	0.333333
cl60_146	OC4	1	3	0.333333
cl60_147	K17	1	3	0.333333
cl60_147	K4	1	3	0.333333
cl60_147	OC1	1	3	0.333333
cl60_147	OC3	1	3	0.333333
cl60_147	OC7	1	3	0.333333
cl60_162	K176	1	2	0.5
cl60_162	OC20	1	2	0.5
cl60_162	OC5	1	2	0.5
cl60_163	K196	1	8	0.125
cl60_163	K214	1	8	0.125
cl60_163	K235	1	8	0.125
cl60_163	K33	4	8	0.5
cl60_163	K77	1	8	0.125
cl60_163	OC1	1	8	0.125
cl60_163	OC13	1	8	0.125
cl60_163	OC15	1	8	0.125
cl60_163	OC2	1	8	0.125
cl60_163	OC5	3	8	0.375
cl60_163	OC6	1	8	0.125
cl60_167	K42	2	2	1
cl60_167	OC6	2	2	1
cl60_168	K2	1	1	1
cl60_168	OC1	1	1	1
cl60_190	K140	1	3	0.333333
cl60_190	K227	1	3	0.333333
cl60_190	OC16	1	3	0.333333
cl60_190	OC4	2	3	0.666667
cl60_199	K214	1	4	0.25
cl60_199	K33	1	4	0.25
cl60_199	K77	2	4	0.5
cl60_199	OC6	4	4	1
cl60_205	K69	1	1	1
cl60_205	OC7	1	1	1
cl60_208	OC14	1	1	1
cl60_210	OC20	1	1	1
cl60_213	K109	2	36	0.0555556
cl60_213	K173	1	36	0.0277778
cl60_213	K213	1	36	0.0277778
cl60_213	K222	1	36	0.0277778
cl60_213	K3	2	36	0.0555556
cl60_213	K32	2	36	0.0555556
cl60_213	K70	1	36	0.0277778
cl60_213	K9	19	36	0.527778
cl60_213	OC10	16	36	0.444444
cl60_213	OC11	1	36	0.0277778
cl60_213	OC1	5	36	0.138889
cl60_213	OC2	3	36	0.0833333
cl60_213	OC3	1	36	0.0277778
cl60_213	OC4	1	36	0.0277778
cl60_213	OC6	3	36	0.0833333
cl60_213	OC7	6	36	0.166667
cl60_215	K18	2	2	1
cl60_215	OC3	2	2	1
cl60_219	OC6	1	1	1
cl60_21	K123	1	22	0.0454545
cl60_21	K12	4	22	0.181818
cl60_21	K125	4	22	0.181818
cl60_21	K217	1	22	0.0454545
cl60_21	K28	2	22	0.0909091
cl60_21	K3	1	22	0.0454545
cl60_21	K32	1	22	0.0454545
cl60_21	K7	2	22	0.0909091
cl60_21	K9	1	22	0.0454545
cl60_21	K93	1	22	0.0454545
cl60_21	OC1	16	22	0.727273
cl60_21	OC15	1	22	0.0454545
cl60_21	OC18	2	22	0.0909091
cl60_21	OC3	2	22	0.0909091
cl60_21	OC6	1	22	0.0454545
cl60_221	K172	3	3	1
cl60_221	OC4	3	3	1
cl60_222	K106	1	7	0.142857
cl60_222	K111	3	7	0.428571
cl60_222	K128	1	7	0.142857
cl60_222	K48	1	7	0.142857
cl60_222	K84	1	7	0.142857
cl60_222	OC6	6	7	0.857143
cl60_222	OC9	1	7	0.142857
cl60_228	K132	1	1	1
cl60_228	OC21	1	1	1
cl60_233	K132	1	1	1
cl60_233	OC21	1	1	1
cl60_245	K102	1	13	0.0769231
cl60_245	K116	6	13	0.461538
cl60_245	K128	1	13	0.0769231
cl60_245	K134	1	13	0.0769231
cl60_245	K139	1	13	0.0769231
cl60_245	K157	1	13	0.0769231
cl60_245	K199	1	13	0.0769231
cl60_245	OC14	2	13	0.153846
cl60_245	OC15	1	13	0.0769231
cl60_245	OC2	1	13	0.0769231
cl60_245	OC5	4	13	0.307692
cl60_245	OC6	3	13	0.230769
cl60_247	OC1	1	1	1
cl60_257	K14	4	6	0.666667
cl60_257	OC12	1	6	0.166667
cl60_257	OC13	1	6	0.166667
cl60_257	OC3	3	6	0.5
cl60_257	OC6	1	6	0.166667
cl60_259	K155	12	21	0.571429
cl60_259	K210	4	21	0.190476
cl60_259	OC10	1	21	0.047619
cl60_259	OC1	15	21	0.714286
cl60_259	OC6	4	21	0.190476
cl60_259	OC7	1	21	0.047619
cl60_260	K2/K81	1	1	1
cl60_260	OC6	1	1	1
cl60_261	K119	1	13	0.0769231
cl60_261	K178	1	13	0.0769231
cl60_261	K206	5	13	0.384615
cl60_261	K96	3	13	0.230769
cl60_261	OC1	2	13	0.153846
cl60_261	OC13	1	13	0.0769231
cl60_261	OC14	3	13	0.230769
cl60_261	OC2	1	13	0.0769231
cl60_261	OC22	1	13	0.0769231
cl60_261	OC4	1	13	0.0769231
cl60_261	OC6	2	13	0.153846
cl60_261	OC7	2	13	0.153846
cl60_262	K102	3	64	0.046875
cl60_262	K216	1	64	0.015625
cl60_262	K231	1	64	0.015625
cl60_262	K43	2	64	0.03125
cl60_262	K47	48	64	0.75
cl60_262	K96	3	64	0.046875
cl60_262	OC1	1	64	0.015625
cl60_262	OC13	14	64	0.21875
cl60_262	OC17	14	64	0.21875
cl60_262	OC5	23	64	0.359375
cl60_262	OC6	6	64	0.09375
cl60_262	OC7	4	64	0.0625
cl60_270	K52	2	3	0.666667
cl60_270	OC10	1	3	0.333333
cl60_270	OC6	2	3	0.666667
cl60_271	OC6	1	1	1
cl60_275	K12	1	2	0.5
cl60_275	K170	1	2	0.5
cl60_275	OC2	1	2	0.5
cl60_275	OC6	1	2	0.5
cl60_277	K187	1	1	1
cl60_277	OC6	1	1	1
cl60_280	K18	3	3	1
cl60_280	OC3	3	3	1
cl60_284	K96	5	5	1
cl60_284	OC5	1	5	0.2
cl60_284	OC7	3	5	0.6
cl60_291	K220	7	7	1
cl60_292	K116	1	7	0.142857
cl60_292	K176	1	7	0.142857
cl60_292	K178	1	7	0.142857
cl60_292	OC12	1	7	0.142857
cl60_292	OC20	1	7	0.142857
cl60_292	OC22	1	7	0.142857
cl60_292	OC5	2	7	0.285714
cl60_292	OC6	2	7	0.285714
cl60_297	K106	1	24	0.0416667
cl60_297	K111	3	24	0.125
cl60_297	K114	1	24	0.0416667
cl60_297	K116	1	24	0.0416667
cl60_297	K128	1	24	0.0416667
cl60_297	K14	1	24	0.0416667
cl60_297	K163	2	24	0.0833333
cl60_297	K239	1	24	0.0416667
cl60_297	K38	5	24	0.208333
cl60_297	K48	1	24	0.0416667
cl60_297	K86	1	24	0.0416667
cl60_297	OC5	1	24	0.0416667
cl60_297	OC6	22	24	0.916667
cl60_297	OC8	1	24	0.0416667
cl60_301	K12	1	8	0.125
cl60_301	K125	1	8	0.125
cl60_301	K13	2	8	0.25
cl60_301	K62	2	8	0.25
cl60_301	OC1	3	8	0.375
cl60_301	OC18	1	8	0.125
cl60_301	OC2	2	8	0.25
cl60_301	OC5	2	8	0.25
cl60_303	K230	2	4	0.5
cl60_303	K43	2	4	0.5
cl60_303	OC13	1	4	0.25
cl60_303	OC6	2	4	0.5
cl60_303	OC7	1	4	0.25
cl60_304	K116	1	1	1
cl60_304	OC6	1	1	1
cl60_308	K1	1	6	0.166667
cl60_308	K20	3	6	0.5
cl60_308	K34	1	6	0.166667
cl60_308	OC20	1	6	0.166667
cl60_308	OC22	1	6	0.166667
cl60_308	OC4	4	6	0.666667
cl60_312	K52	1	1	1
cl60_312	OC10	1	1	1
cl60_323	OC1	2	2	1
cl60_32	K114	1	1	1
cl60_32	OC5	1	1	1
cl60_332	K206	1	6	0.166667
cl60_332	K30	1	6	0.166667
cl60_332	K96	4	6	0.666667
cl60_332	OC13	1	6	0.166667
cl60_332	OC21	1	6	0.166667
cl60_332	OC5	3	6	0.5
cl60_343	K34	1	1	1
cl60_343	OC4	1	1	1
cl60_347	K45	1	2	0.5
cl60_347	OC6	2	2	1
cl60_349	K158	1	1	1
cl60_349	OC9	1	1	1
cl60_35	K36	3	4	0.75
cl60_35	OC1	1	4	0.25
cl60_35	OC6	1	4	0.25
cl60_35	OC9	1	4	0.25
cl60_363	K12	1	1	1
cl60_363	OC13	1	1	1
cl60_36	K116	1	14	0.0714286
cl60_36	K133	1	14	0.0714286
cl60_36	K134	2	14	0.142857
cl60_36	K31	2	14	0.142857
cl60_36	K90	1	14	0.0714286
cl60_36	K95	2	14	0.142857
cl60_36	OC1	2	14	0.142857
cl60_36	OC20	1	14	0.0714286
cl60_36	OC21	1	14	0.0714286
cl60_36	OC4	3	14	0.214286
cl60_36	OC5	2	14	0.142857
cl60_36	OC6	4	14	0.285714
cl60_36	OC7	1	14	0.0714286
cl60_370	K62	1	1	1
cl60_370	OC2	1	1	1
cl60_372	K2	1	20	0.05
cl60_372	K6	19	20	0.95
cl60_372	OC1	13	20	0.65
cl60_372	OC18	1	20	0.05
cl60_372	OC2	2	20	0.1
cl60_372	OC5	2	20	0.1
cl60_372	OC6	1	20	0.05
cl60_372	OC7	1	20	0.05
cl60_378	K163	24	28	0.857143
cl60_378	K220	1	28	0.0357143
cl60_378	K239	1	28	0.0357143
cl60_378	OC2	1	28	0.0357143
cl60_378	OC6	26	28	0.928571
cl60_382	K2/K81	1	1	1
cl60_382	OC6	1	1	1
cl60_386	K238	3	7	0.428571
cl60_386	K61	2	7	0.285714
cl60_386	OC1	2	7	0.285714
cl60_386	OC13	1	7	0.142857
cl60_386	OC15	1	7	0.142857
cl60_386	OC22	1	7	0.142857
cl60_386	OC4	1	7	0.142857
cl60_386	OC6	1	7	0.142857
cl60_390	OC13	2	2	1
cl60_393	K108	5	6	0.833333
cl60_393	K62	1	6	0.166667
cl60_393	OC2	6	6	1
cl60_396	K170	4	11	0.363636
cl60_396	K225	3	11	0.272727
cl60_396	K58	2	11	0.181818
cl60_396	OC1	1	11	0.0909091
cl60_396	OC13	1	11	0.0909091
cl60_396	OC2	1	11	0.0909091
cl60_396	OC6	8	11	0.727273
cl60_399	K26	1	9	0.111111
cl60_399	K47	7	9	0.777778
cl60_399	OC13	3	9	0.333333
cl60_399	OC17	1	9	0.111111
cl60_399	OC5	2	9	0.222222
cl60_399	OC6	1	9	0.111111
cl60_399	OC7	2	9	0.222222
cl60_403	K2	2	3	0.666667
cl60_403	K56	1	3	0.333333
cl60_403	OC1	3	3	1
cl60_404	K155	1	4	0.25
cl60_404	K210	1	4	0.25
cl60_404	OC1	4	4	1
cl60_40	K16	1	9	0.111111
cl60_40	K23	6	9	0.666667
cl60_40	K53	1	9	0.111111
cl60_40	K9	1	9	0.111111
cl60_40	OC10	2	9	0.222222
cl60_40	OC12	1	9	0.111111
cl60_40	OC5	3	9	0.333333
cl60_40	OC6	3	9	0.333333
cl60_427	K15	6	6	1
cl60_427	OC1	5	6	0.833333
cl60_427	OC20	1	6	0.166667
cl60_444	K17	20	80	0.25
cl60_444	K18	48	80	0.6
cl60_444	K237	1	80	0.0125
cl60_444	OC11	1	80	0.0125
cl60_444	OC1	33	80	0.4125
cl60_444	OC2	3	80	0.0375
cl60_444	OC3	34	80	0.425
cl60_444	OC5	7	80	0.0875
cl60_452	K99	2	2	1
cl60_453	K32	2	2	1
cl60_453	OC5	2	2	1
cl60_467	K103	1	2	0.5
cl60_467	K104	1	2	0.5
cl60_467	OC5	2	2	1
cl60_471	K180	1	2	0.5
cl60_471	OC6	1	2	0.5
cl60_472	K200	1	17	0.0588235
cl60_472	K32	11	17	0.647059
cl60_472	OC10	11	17	0.647059
cl60_472	OC1	1	17	0.0588235
cl60_472	OC14	1	17	0.0588235
cl60_472	OC3	1	17	0.0588235
cl60_472	OC5	1	17	0.0588235
cl60_472	OC6	2	17	0.117647
cl60_473	K104	2	353	0.00566572
cl60_473	K10	5	353	0.0141643
cl60_473	K115	1	353	0.00283286
cl60_473	K120	1	353	0.00283286
cl60_473	K125	3	353	0.00849858
cl60_473	K12	6	353	0.0169972
cl60_473	K127	1	353	0.00283286
cl60_473	K128	2	353	0.00566572
cl60_473	K13	5	353	0.0141643
cl60_473	K14	1	353	0.00283286
cl60_473	K151	4	353	0.0113314
cl60_473	K152	2	353	0.00566572
cl60_473	K153	1	353	0.00283286
cl60_473	K155	1	353	0.00283286
cl60_473	K160	7	353	0.01983
cl60_473	K16	1	353	0.00283286
cl60_473	K161	1	353	0.00283286
cl60_473	K164	1	353	0.00283286
cl60_473	K166	1	353	0.00283286
cl60_473	K167	1	353	0.00283286
cl60_473	K170	4	353	0.0113314
cl60_473	K17	1	353	0.00283286
cl60_473	K177	1	353	0.00283286
cl60_473	K18	1	353	0.00283286
cl60_473	K210	2	353	0.00566572
cl60_473	K2	104	353	0.294618
cl60_473	K213	3	353	0.00849858
cl60_473	K216	3	353	0.00849858
cl60_473	K217	1	353	0.00283286
cl60_473	K222	1	353	0.00283286
cl60_473	K23	3	353	0.00849858
cl60_473	K234	2	353	0.00566572
cl60_473	K235	2	353	0.00566572
cl60_473	K24-Wzy-GI2	1	353	0.00283286
cl60_473	K25	3	353	0.00849858
cl60_473	K28	2	353	0.00566572
cl60_473	K2/K81	11	353	0.0311615
cl60_473	K30	1	353	0.00283286
cl60_473	K3	11	353	0.0311615
cl60_473	K32	3	353	0.00849858
cl60_473	K33	2	353	0.00566572
cl60_473	K34	4	353	0.0113314
cl60_473	K40/K91	4	353	0.0113314
cl60_473	K42	9	353	0.0254958
cl60_473	K4	4	353	0.0113314
cl60_473	K45	2	353	0.00566572
cl60_473	K47	3	353	0.00849858
cl60_473	K48	1	353	0.00283286
cl60_473	K49	6	353	0.0169972
cl60_473	K52	11	353	0.0311615
cl60_473	K54	1	353	0.00283286
cl60_473	K56	1	353	0.00283286
cl60_473	K58	4	353	0.0113314
cl60_473	K60	3	353	0.00849858
cl60_473	K62	1	353	0.00283286
cl60_473	K6	7	353	0.01983
cl60_473	K7	12	353	0.0339943
cl60_473	K72	9	353	0.0254958
cl60_473	K73	1	353	0.00283286
cl60_473	K77	2	353	0.00566572
cl60_473	K8	4	353	0.0113314
cl60_473	K9	13	353	0.0368272
cl60_473	K96	1	353	0.00283286
cl60_473	OC10	6	353	0.0169972
cl60_473	OC11	1	353	0.00283286
cl60_473	OC12	2	353	0.00566572
cl60_473	OC1	267	353	0.756374
cl60_473	OC13	6	353	0.0169972
cl60_473	OC14	1	353	0.00283286
cl60_473	OC18	17	353	0.0481586
cl60_473	OC2	9	353	0.0254958
cl60_473	OC3	4	353	0.0113314
cl60_473	OC5	10	353	0.0283286
cl60_473	OC6	17	353	0.0481586
cl60_473	OC7	8	353	0.0226629
cl60_482	K146	1	2	0.5
cl60_482	OC1	1	2	0.5
cl60_482	OC20	1	2	0.5
cl60_488	K172	3	4	0.75
cl60_488	OC20	1	4	0.25
cl60_488	OC4	3	4	0.75
cl60_48	K121	7	10	0.7
cl60_48	K170	2	10	0.2
cl60_48	K218	1	10	0.1
cl60_48	OC1	4	10	0.4
cl60_48	OC6	6	10	0.6
cl60_496	K13	1	8	0.125
cl60_496	K3	1	8	0.125
cl60_496	K49	3	8	0.375
cl60_496	K52	1	8	0.125
cl60_496	OC10	4	8	0.5
cl60_496	OC1	1	8	0.125
cl60_496	OC2	2	8	0.25
cl60_506	K229	4	4	1
cl60_506	OC3	1	4	0.25
cl60_506	OC5	2	4	0.5
cl60_506	OC6	1	4	0.25
cl60_511	K158	1	2	0.5
cl60_511	OC8	2	2	1
cl60_513	K181	1	69	0.0144928
cl60_513	K190	1	69	0.0144928
cl60_513	K24	1	69	0.0144928
cl60_513	K24-Wzy-GI2	33	69	0.478261
cl60_513	K52	1	69	0.0144928
cl60_513	OC11	2	69	0.0289855
cl60_513	OC1	27	69	0.391304
cl60_513	OC20	1	69	0.0144928
cl60_513	OC2	4	69	0.057971
cl60_513	OC5	1	69	0.0144928
cl60_513	OC7	34	69	0.492754
cl60_519	K23	1	2	0.5
cl60_519	K97	1	2	0.5
cl60_519	OC4	1	2	0.5
cl60_519	OC6	1	2	0.5
cl60_522	K38	5	5	1
cl60_522	OC6	5	5	1
cl60_529	K17	4	14	0.285714
cl60_529	K18	8	14	0.571429
cl60_529	OC1	9	14	0.642857
cl60_529	OC3	2	14	0.142857
cl60_529	OC5	2	14	0.142857
cl60_529	OC7	1	14	0.0714286
cl60_539	K19-Wzy/Atr25-GI1	1	5	0.2
cl60_539	K41	1	5	0.2
cl60_539	OC1	1	5	0.2
cl60_539	OC20	2	5	0.4
cl60_539	OC5	1	5	0.2
cl60_539	OC6	1	5	0.2
cl60_540	K163	1	5	0.2
cl60_540	K220	1	5	0.2
cl60_540	K239	3	5	0.6
cl60_540	OC6	4	5	0.8
cl60_545	K45	1	1	1
cl60_545	OC1	1	1	1
cl60_551	K9	3	3	1
cl60_551	OC2	2	3	0.666667
cl60_551	OC5	1	3	0.333333
cl60_560	K127-Wzy-Ph1	3	3	1
cl60_560	OC5	3	3	1
cl60_561	K17	3	5	0.6
cl60_561	K18	1	5	0.2
cl60_561	OC1	3	5	0.6
cl60_561	OC3	2	5	0.4
cl60_568	K2	5	6	0.833333
cl60_568	K7	1	6	0.166667
cl60_568	OC1	6	6	1
cl60_573	K115	1	59	0.0169492
cl60_573	K125	1	59	0.0169492
cl60_573	K13	1	59	0.0169492
cl60_573	K138	1	59	0.0169492
cl60_573	K14	1	59	0.0169492
cl60_573	K170	6	59	0.101695
cl60_573	K2	14	59	0.237288
cl60_573	K225	1	59	0.0169492
cl60_573	K235	1	59	0.0169492
cl60_573	K2/K81	9	59	0.152542
cl60_573	K3	1	59	0.0169492
cl60_573	K32	2	59	0.0338983
cl60_573	K4	1	59	0.0169492
cl60_573	K52	3	59	0.0508475
cl60_573	K56	2	59	0.0338983
cl60_573	K58	3	59	0.0508475
cl60_573	K66	1	59	0.0169492
cl60_573	K7	1	59	0.0169492
cl60_573	K72	4	59	0.0677966
cl60_573	K9	1	59	0.0169492
cl60_573	K94	1	59	0.0169492
cl60_573	OC12	1	59	0.0169492
cl60_573	OC1	28	59	0.474576
cl60_573	OC13	2	59	0.0338983
cl60_573	OC2	1	59	0.0169492
cl60_573	OC3	1	59	0.0169492
cl60_573	OC6	25	59	0.423729
cl60_579	K217	1	1	1
cl60_579	OC1	1	1	1
cl60_591	OC5	1	1	1
cl60_595	K229	1	4	0.25
cl60_595	K52	1	4	0.25
cl60_595	OC14	1	4	0.25
cl60_595	OC5	2	4	0.5
cl60_595	OC6	1	4	0.25
cl60_598	K202	1	4	0.25
cl60_598	K34	1	4	0.25
cl60_598	OC16	1	4	0.25
cl60_598	OC4	2	4	0.5
cl60_598	OC7	1	4	0.25
cl60_599	K79	1	1	1
cl60_599	OC1	1	1	1
cl60_59	K124	2	7	0.285714
cl60_59	K151	2	7	0.285714
cl60_59	K152	1	7	0.142857
cl60_59	K82	2	7	0.285714
cl60_59	OC10	2	7	0.285714
cl60_59	OC1	4	7	0.571429
cl60_59	OC6	1	7	0.142857
cl60_602	OC6	2	2	1
cl60_604	K38	3	5	0.6
cl60_604	K86	1	5	0.2
cl60_604	OC13	1	5	0.2
cl60_604	OC6	4	5	0.8
cl60_612	K101	1	8	0.125
cl60_612	K97	3	8	0.375
cl60_612	OC1	1	8	0.125
cl60_612	OC16	3	8	0.375
cl60_612	OC4	1	8	0.125
cl60_612	OC6	3	8	0.375
cl60_619	K17	5	6	0.833333
cl60_619	OC1	6	6	1
cl60_61	K6	2	4	0.5
cl60_61	OC1	3	4	0.75
cl60_61	OC6	1	4	0.25
cl60_637	K202	1	3	0.333333
cl60_637	K91	2	3	0.666667
cl60_637	OC4	2	3	0.666667
cl60_637	OC5	1	3	0.333333
cl60_638	K166	1	1	1
cl60_638	OC2	1	1	1
cl60_648	K151	1	1	1
cl60_648	OC5	1	1	1
cl60_653	K38	1	1	1
cl60_653	OC6	1	1	1
cl60_656	K82	2	2	1
cl60_656	OC10	1	2	0.5
cl60_656	OC1	1	2	0.5
cl60_671	K208	1	1	1
cl60_671	OC4	1	1	1
cl60_701	K155	3	15	0.2
cl60_701	K175	3	15	0.2
cl60_701	K210	3	15	0.2
cl60_701	K31	1	15	0.0666667
cl60_701	K61	1	15	0.0666667
cl60_701	K97	1	15	0.0666667
cl60_701	OC1	5	15	0.333333
cl60_701	OC20	1	15	0.0666667
cl60_701	OC2	2	15	0.133333
cl60_701	OC6	7	15	0.466667
cl60_717	K190	1	1	1
cl60_717	OC7	1	1	1
cl60_71	K10	8	13	0.615385
cl60_71	K132	1	13	0.0769231
cl60_71	K200	1	13	0.0769231
cl60_71	K3	1	13	0.0769231
cl60_71	OC12	1	13	0.0769231
cl60_71	OC1	3	13	0.230769
cl60_71	OC13	3	13	0.230769
cl60_71	OC18	1	13	0.0769231
cl60_71	OC21	1	13	0.0769231
cl60_71	OC4	1	13	0.0769231
cl60_71	OC5	1	13	0.0769231
cl60_71	OC7	1	13	0.0769231
cl60_741	K18	2	4	0.5
cl60_741	K19-Wzy/Atr25-GI1	1	4	0.25
cl60_741	K40/K91	1	4	0.25
cl60_741	OC1	1	4	0.25
cl60_741	OC3	3	4	0.75
cl60_760	K184	1	1	1
cl60_760	OC4	1	1	1
cl60_76	K27	2	2	1
cl60_76	OC7	2	2	1
cl60_770	K179	1	2	0.5
cl60_770	OC1	1	2	0.5
cl60_770	OC16	1	2	0.5
cl60_775	K79	2	2	1
cl60_775	OC1	2	2	1
cl60_780	K91	2	2	1
cl60_780	OC4	2	2	1
cl60_783	K146	1	1	1
cl60_783	OC11	1	1	1
cl60_787	K84	1	1	1
cl60_787	OC4	1	1	1
cl60_792	K108	1	2	0.5
cl60_792	K9	1	2	0.5
cl60_792	OC2	2	2	1
cl60_799	K159	2	5	0.4
cl60_799	K3	3	5	0.6
cl60_799	OC10	3	5	0.6
cl60_799	OC5	2	5	0.4
cl60_807	K200	1	22	0.0454545
cl60_807	K32	17	22	0.772727
cl60_807	OC10	13	22	0.590909
cl60_807	OC13	3	22	0.136364
cl60_807	OC5	4	22	0.181818
cl60_807	OC6	2	22	0.0909091
cl60_80	K10	1	2	0.5
cl60_80	K3	1	2	0.5
cl60_80	OC1	1	2	0.5
cl60_80	OC7	1	2	0.5
cl60_816	K128	1	2	0.5
cl60_816	K30	1	2	0.5
cl60_816	OC12	1	2	0.5
cl60_816	OC6	1	2	0.5
cl60_817	K6	2	2	1
cl60_817	OC1	1	2	0.5
cl60_817	OC6	1	2	0.5
cl60_825	OC16	1	1	1
cl60_831	K139	2	2	1
cl60_831	OC2	1	2	0.5
cl60_831	OC6	1	2	0.5
cl60_83	K12	1	55	0.0181818
cl60_83	K13	1	55	0.0181818
cl60_83	K132	1	55	0.0181818
cl60_83	K134	1	55	0.0181818
cl60_83	K139	2	55	0.0363636
cl60_83	K14	27	55	0.490909
cl60_83	K200	1	55	0.0181818
cl60_83	K27	1	55	0.0181818
cl60_83	K3	3	55	0.0545455
cl60_83	K33	2	55	0.0363636
cl60_83	K37	1	55	0.0181818
cl60_83	K47	1	55	0.0181818
cl60_83	K52	1	55	0.0181818
cl60_83	OC10	5	55	0.0909091
cl60_83	OC13	2	55	0.0363636
cl60_83	OC14	2	55	0.0363636
cl60_83	OC17	1	55	0.0181818
cl60_83	OC4	5	55	0.0909091
cl60_83	OC5	11	55	0.2
cl60_83	OC6	27	55	0.490909
cl60_83	OC7	1	55	0.0181818
cl60_85	K203	6	9	0.666667
cl60_85	K227	2	9	0.222222
cl60_85	OC20	1	9	0.111111
cl60_85	OC4	8	9	0.888889
cl60_881	K125	2	2	1
cl60_881	OC15	1	2	0.5
cl60_881	OC2	1	2	0.5
cl60_886	OC6	1	1	1
cl60_892	K49	1	1	1
cl60_892	OC2	1	1	1
cl60_902	K49	1	1	1
cl60_902	OC2	1	1	1
cl60_908	OC4	1	1	1
cl60_921	K107	2	31	0.0645161
cl60_921	K12	1	31	0.0322581
cl60_921	K15	1	31	0.0322581
cl60_921	K1	7	31	0.225806
cl60_921	K17	1	31	0.0322581
cl60_921	K18	3	31	0.0967742
cl60_921	K1-Wzy/Atr25-GI1	1	31	0.0322581
cl60_921	K237	1	31	0.0322581
cl60_921	K25	2	31	0.0645161
cl60_921	K40/K91	3	31	0.0967742
cl60_921	K4	4	31	0.129032
cl60_921	K70	1	31	0.0322581
cl60_921	K9	2	31	0.0645161
cl60_921	OC11	1	31	0.0322581
cl60_921	OC1	13	31	0.419355
cl60_921	OC2	5	31	0.16129
cl60_921	OC3	8	31	0.258065
cl60_921	OC4	1	31	0.0322581
cl60_921	OC5	2	31	0.0645161
cl60_921	OC6	1	31	0.0322581
cl60_926	K40/K91	4	6	0.666667
cl60_926	K91	1	6	0.166667
cl60_926	OC2	5	6	0.833333
cl60_926	OC4	1	6	0.166667
cl60_938	K15	1	1	1
cl60_938	OC1	1	1	1
cl60_943	K65	2	2	1
cl60_943	OC1	2	2	1
cl60_948	OC4	1	1	1
cl60_94	K102	1	20	0.05
cl60_94	K116	10	20	0.5
cl60_94	K14	2	20	0.1
cl60_94	K157	1	20	0.05
cl60_94	K52	2	20	0.1
cl60_94	OC1	1	20	0.05
cl60_94	OC5	2	20	0.1
cl60_94	OC6	12	20	0.6
cl60_94	OC7	1	20	0.05
cl60_957	K146	1	1	1
cl60_957	OC3	1	1	1
cl60_969	K17	1	1	1
cl60_969	OC1	1	1	1
cl60_96	K79	3	3	1
cl60_96	OC1	2	3	0.666667
cl60_96	OC20	1	3	0.333333
cl60_974	K146	1	1	1
cl60_974	OC1	1	1	1
cl60_979	K108	1	3	0.333333
cl60_979	K62	1	3	0.333333
cl60_979	K9	1	3	0.333333
cl60_979	OC2	2	3	0.666667
cl60_979	OC6	1	3	0.333333
cl60_980	K201	1	3	0.333333
cl60_980	K25	2	3	0.666667
cl60_980	OC1	2	3	0.666667
cl60_980	OC4	1	3	0.333333
cl60_998	K107	1	27	0.037037
cl60_998	K1	12	27	0.444444
cl60_998	K147	2	27	0.0740741
cl60_998	K15	2	27	0.0740741
cl60_998	K17	1	27	0.037037
cl60_998	K18	2	27	0.0740741
cl60_998	K40/K91	1	27	0.037037
cl60_998	K91	2	27	0.0740741
cl60_998	OC1	18	27	0.666667
cl60_998	OC13	2	27	0.0740741
cl60_998	OC3	2	27	0.0740741
cl60_998	OC5	4	27	0.148148
cl60_998	OC7	1	27	0.037037
