cl60_1001	K10	17	20	0.85
cl60_1001	K9	1	20	0.05
cl60_1001	O89/O101/O162	14	20	0.7
cl60_1002	Escherichia_coli-KX02	2	47	0.0425532
cl60_1002	Escherichia_coli-KX11	1	47	0.0212766
cl60_1002	Escherichia_coli-KX16	2	47	0.0425532
cl60_1002	Escherichia_coli-KX29	1	47	0.0212766
cl60_1002	Escherichia_coli-KX37	7	47	0.148936
cl60_1002	Escherichia_coli-KX42	4	47	0.0851064
cl60_1002	O23	42	47	0.893617
cl60_1002	O6	1	47	0.0212766
cl60_1002	O8/O9/O9a	2	47	0.0425532
cl60_1003	O116	3	3	1
cl60_1006	O13/O129/O135	19	19	1
cl60_1009	O108	1	1	1
cl60_1013	O49	7	7	1
cl60_1014	O107/O117	1	1	1
cl60_1015	Escherichia_coli-KX16	2	3	0.666667
cl60_1015	O10	3	3	1
cl60_1016	O10	6	6	1
cl60_1020	K54	1	23	0.0434783
cl60_1020	O109	1	23	0.0434783
cl60_1020	O11	20	23	0.869565
cl60_1020	O71	1	23	0.0434783
cl60_1020	O8/O9/O9a	1	23	0.0434783
cl60_1024	O2/O50	9	9	1
cl60_1025	O5	2	2	1
cl60_1026	Escherichia_coli-KX32	1	15	0.0666667
cl60_1026	Escherichia_coli-KX53	1	15	0.0666667
cl60_1026	O1	14	15	0.933333
cl60_1026	O4	1	15	0.0666667
cl60_1028	O13/O129/O135	8	8	1
cl60_1030	O174	1	1	1
cl60_1032	O116	11	11	1
cl60_1033	Escherichia_coli-KX02	2	4	0.5
cl60_1033	Escherichia_coli-KX03	1	4	0.25
cl60_1033	O107/O117	3	4	0.75
cl60_1035	O27	11	11	1
cl60_1035	O8/O9/O9a	2	11	0.181818
cl60_1036	O5	4	4	1
cl60_1038	Escherichia_coli-KX42	1	16	0.0625
cl60_1038	O126	16	16	1
cl60_103	O152	1	1	1
cl60_1040	O19	3	3	1
cl60_1041	O53	3	3	1
cl60_1042	Escherichia_coli-KX42	1	1	1
cl60_1043	Escherichia_coli-KX42	1	1	1
cl60_1043	O15	1	1	1
cl60_1045	O19	10	10	1
cl60_1046	O8/O9/O9a	26	26	1
cl60_1048	Escherichia_coli-KX02	6	61	0.0983607
cl60_1048	Escherichia_coli-KX36	1	61	0.0163934
cl60_1048	Escherichia_coli-KX41	2	61	0.0327869
cl60_1048	Escherichia_coli-KX42	1	61	0.0163934
cl60_1048	Escherichia_coli-KX75	1	61	0.0163934
cl60_1048	O107/O117	57	61	0.934426
cl60_1048	O125ab/O125ac/O125	1	61	0.0163934
cl60_1048	O55	1	61	0.0163934
cl60_104	O113	1	17	0.0588235
cl60_104	OX13	16	17	0.941176
cl60_1052	O70	7	7	1
cl60_1055	O136	11	11	1
cl60_1056	O24/O56/O157	1	1	1
cl60_1057	Escherichia_coli-KX41	1	20	0.05
cl60_1057	O103	20	20	1
cl60_1058	Escherichia_coli-KX41	1	22	0.0454545
cl60_1058	O103	22	22	1
cl60_105	Escherichia_coli-KX02	6	7	0.857143
cl60_105	Escherichia_coli-KX42	1	7	0.142857
cl60_105	O153/O178	1	7	0.142857
cl60_105	O17/O44/O73/O77/O106	1	7	0.142857
cl60_105	O21	2	7	0.285714
cl60_105	O6	1	7	0.142857
cl60_1060	O8/O9/O9a	28	28	1
cl60_106	Escherichia_coli-KX18	13	259	0.0501931
cl60_106	Escherichia_coli-KX21	204	259	0.787645
cl60_106	Escherichia_coli-KX29	1	259	0.003861
cl60_106	Escherichia_coli-KX30	3	259	0.011583
cl60_106	Escherichia_coli-KX35	1	259	0.003861
cl60_106	Escherichia_coli-KX41	4	259	0.015444
cl60_106	Escherichia_coli-KX42	21	259	0.0810811
cl60_106	O102	1	259	0.003861
cl60_106	O11	20	259	0.0772201
cl60_106	O1	2	259	0.00772201
cl60_106	O13/O129/O135	1	259	0.003861
cl60_106	O153/O178	3	259	0.011583
cl60_106	O15	7	259	0.027027
cl60_106	O160	1	259	0.003861
cl60_106	O16	1	259	0.003861
cl60_106	O176	1	259	0.003861
cl60_106	O17/O44/O73/O77/O106	2	259	0.00772201
cl60_106	O19	3	259	0.011583
cl60_106	O21	2	259	0.00772201
cl60_106	O22	16	259	0.0617761
cl60_106	O23	1	259	0.003861
cl60_106	O25	40	259	0.15444
cl60_106	O2/O50	12	259	0.046332
cl60_106	O4	1	259	0.003861
cl60_106	O5	23	259	0.0888031
cl60_106	O6	74	259	0.285714
cl60_106	O83	21	259	0.0810811
cl60_106	O88	1	259	0.003861
cl60_106	Shigella-B9	1	259	0.003861
cl60_1070	O102	22	22	1
cl60_1072	O176	2	2	1
cl60_1076	Escherichia_coli-KX44	1	2	0.5
cl60_1076	O13/O129/O135	1	2	0.5
cl60_1077	O15	1	1	1
cl60_1078	Escherichia_coli-K11	1	79	0.0126582
cl60_1078	Escherichia_coli-KX03	2	79	0.0253165
cl60_1078	Escherichia_coli-KX16	1	79	0.0126582
cl60_1078	K156_D1	3	79	0.0379747
cl60_1078	O13/O129/O135	79	79	1
cl60_1078	O174	1	79	0.0126582
cl60_1078	O53	1	79	0.0126582
cl60_1082	O149	28	28	1
cl60_1084	Escherichia_coli-KX11	1	2	0.5
cl60_1084	Escherichia_coli-KX42	1	2	0.5
cl60_1085	O169/O183	1	1	1
cl60_1087	Escherichia_coli-KX29	1	1	1
cl60_1087	O25	1	1	1
cl60_1088	O138	1	19	0.0526316
cl60_1088	O149	18	19	0.947368
cl60_1088	O8/O9/O9a	1	19	0.0526316
cl60_1090	K63	1	2	0.5
cl60_1090	O51	1	2	0.5
cl60_1090	O8/O9/O9a	1	2	0.5
cl60_1094	O121	5	5	1
cl60_1097	O54	1	1	1
cl60_1098	O182	28	30	0.933333
cl60_1098	O8/O9/O9a	2	30	0.0666667
cl60_1099	O1	1	5	0.2
cl60_1099	O15	1	5	0.2
cl60_1099	O36	2	5	0.4
cl60_1099	O8/O9/O9a	1	5	0.2
cl60_109	Escherichia_coli-KX02	2	3	0.666667
cl60_109	Escherichia_coli-KX42	1	3	0.333333
cl60_109	O21	2	3	0.666667
cl60_109	O23	1	3	0.333333
cl60_1100	O89/O101/O162	1	1	1
cl60_1101	Escherichia_coli-KX02	1	61	0.0163934
cl60_1101	Escherichia_coli-KX16	2	61	0.0327869
cl60_1101	Escherichia_coli-KX38	49	61	0.803279
cl60_1101	Escherichia_coli-KX42	7	61	0.114754
cl60_1101	O166	37	61	0.606557
cl60_1101	O175	1	61	0.0163934
cl60_1101	O17/O44/O73/O77/O106	2	61	0.0327869
cl60_1101	O21	2	61	0.0327869
cl60_1101	O22	5	61	0.0819672
cl60_1101	O4	1	61	0.0163934
cl60_1101	O99	1	61	0.0163934
cl60_1105	K9	1	1	1
cl60_1105	O89/O101/O162	1	1	1
cl60_1107	O18/O18ab/O18ac	2	2	1
cl60_110	OX13	12	12	1
cl60_1110	O105	1	3	0.333333
cl60_1110	O107/O117	1	3	0.333333
cl60_1110	O1	1	3	0.333333
cl60_1115	Escherichia_coli-KX29	1	1	1
cl60_1115	O18/O18ab/O18ac	1	1	1
cl60_1117	Escherichia_coli-KX75	1	1	1
cl60_1117	O17/O44/O73/O77/O106	1	1	1
cl60_1118	O16	1	1	1
cl60_1121	K71	1	1	1
cl60_1121	O8/O9/O9a	1	1	1
cl60_1123	K114	1	1	1
cl60_1123	O89/O101/O162	1	1	1
cl60_1124	K10	1	1	1
cl60_1124	O89/O101/O162	1	1	1
cl60_112	K115	6	7	0.857143
cl60_112	O89/O101/O162	2	7	0.285714
cl60_112	O8/O9/O9a	3	7	0.428571
cl60_1132	Escherichia_coli-KX11	1	6	0.166667
cl60_1132	Escherichia_coli-KX40	1	6	0.166667
cl60_1132	O17/O44/O73/O77/O106	6	6	1
cl60_1133	O17/O44/O73/O77/O106	9	9	1
cl60_1136	O18/O18ab/O18ac	1	2	0.5
cl60_1136	O19	1	2	0.5
cl60_1139	K10	1	1	1
cl60_1139	O89/O101/O162	1	1	1
cl60_1148	Escherichia_coli-KX02	1	2	0.5
cl60_1148	O45	2	2	1
cl60_1149	K51	1	35	0.0285714
cl60_1149	K61	2	35	0.0571429
cl60_1149	K63	21	35	0.6
cl60_1149	O8/O9/O9a	35	35	1
cl60_114	Escherichia_coli-KX03	1	1	1
cl60_114	O75	1	1	1
cl60_1152	O98	1	1	1
cl60_1169	Escherichia_coli-KX22	1	3	0.333333
cl60_1169	Escherichia_coli-KX41	1	3	0.333333
cl60_1169	O2/O50	1	3	0.333333
cl60_1169	O6	1	3	0.333333
cl60_1169	O88	1	3	0.333333
cl60_1173	O2/O50	1	1	1
cl60_1174	O17/O44/O73/O77/O106	2	2	1
cl60_1185	58	1	1	1
cl60_1185	O123/O186	1	1	1
cl60_1188	O70	1	1	1
cl60_121	K123	1	57	0.0175439
cl60_121	K127	40	57	0.701754
cl60_121	O7	1	57	0.0175439
cl60_121	O89/O101/O162	7	57	0.122807
cl60_121	O8/O9/O9a	50	57	0.877193
cl60_125	O86/O90/O127	8	8	1
cl60_127	K101	1	12	0.0833333
cl60_127	K53	10	12	0.833333
cl60_127	O89/O101/O162	6	12	0.5
cl60_127	O8/O9/O9a	3	12	0.25
cl60_130	Escherichia_coli-KX24	1	2	0.5
cl60_130	O22	2	2	1
cl60_132	O39	16	16	1
cl60_135	O86/O90/O127	19	19	1
cl60_138	O54	3	3	1
cl60_144	K115	1	2	0.5
cl60_144	O89/O101/O162	1	2	0.5
cl60_148	O166	1	1	1
cl60_151	O24/O56/O157	10	10	1
cl60_158	Escherichia_coli-KX03	1	106	0.00943396
cl60_158	Escherichia_coli-KX32	9	106	0.0849057
cl60_158	Escherichia_coli-KX38	1	106	0.00943396
cl60_158	Escherichia_coli-KX46	1	106	0.00943396
cl60_158	Escherichia_coli-KX48	3	106	0.0283019
cl60_158	Escherichia_coli-KX52	8	106	0.0754717
cl60_158	Escherichia_coli-KX53	45	106	0.424528
cl60_158	Escherichia_coli-KX54	29	106	0.273585
cl60_158	O10	1	106	0.00943396
cl60_158	O102	2	106	0.0188679
cl60_158	O11	10	106	0.0943396
cl60_158	O1	4	106	0.0377358
cl60_158	O15	19	106	0.179245
cl60_158	O153/O178	12	106	0.113208
cl60_158	O16	3	106	0.0283019
cl60_158	O166	4	106	0.0377358
cl60_158	O21	7	106	0.0660377
cl60_158	O23	3	106	0.0283019
cl60_158	O25	8	106	0.0754717
cl60_158	O4	1	106	0.00943396
cl60_158	O45	1	106	0.00943396
cl60_158	O6	25	106	0.235849
cl60_158	O7	2	106	0.0188679
cl60_158	O83	1	106	0.00943396
cl60_158	O86/O90/O127	2	106	0.0188679
cl60_159	O108	1	7	0.142857
cl60_159	O24/O56/O157	6	7	0.857143
cl60_15	O51	21	21	1
cl60_164	O8/O9/O9a	8	8	1
cl60_165	O132	1	6	0.166667
cl60_165	O148	1	6	0.166667
cl60_165	O15	1	6	0.166667
cl60_165	O19	1	6	0.166667
cl60_165	O20/O137	1	6	0.166667
cl60_165	O8/O9/O9a	1	6	0.166667
cl60_170	K30	2	2	1
cl60_170	O89/O101/O162	2	2	1
cl60_173	O62/O68	1	1	1
cl60_175	58	45	63	0.714286
cl60_175	O116	1	63	0.015873
cl60_175	O118/O151	1	63	0.015873
cl60_175	O123/O186	54	63	0.857143
cl60_175	O140	2	63	0.031746
cl60_175	O26	1	63	0.015873
cl60_175	O61	1	63	0.015873
cl60_175	O85	1	63	0.015873
cl60_175	Shigella-B7	1	63	0.015873
cl60_176	Escherichia_coli-KX02	41	48	0.854167
cl60_176	Escherichia_coli-KX03	1	48	0.0208333
cl60_176	Escherichia_coli-KX41	1	48	0.0208333
cl60_176	Escherichia_coli-KX42	5	48	0.104167
cl60_176	O107/O117	2	48	0.0416667
cl60_176	O1	1	48	0.0208333
cl60_176	O11	2	48	0.0416667
cl60_176	O15	1	48	0.0208333
cl60_176	O153/O178	4	48	0.0833333
cl60_176	O154	1	48	0.0208333
cl60_176	O16	1	48	0.0208333
cl60_176	O17/O44/O73/O77/O106	4	48	0.0833333
cl60_176	O21	9	48	0.1875
cl60_176	O25	4	48	0.0833333
cl60_176	O2/O50	1	48	0.0208333
cl60_176	O39	1	48	0.0208333
cl60_176	O45	3	48	0.0625
cl60_176	O6	1	48	0.0208333
cl60_176	O86/O90/O127	8	48	0.166667
cl60_178	Escherichia_coli-KX03	3	57	0.0526316
cl60_178	Escherichia_coli-KX05	1	57	0.0175439
cl60_178	Escherichia_coli-KX13	1	57	0.0175439
cl60_178	Escherichia_coli-KX16	1	57	0.0175439
cl60_178	Escherichia_coli-KX20	1	57	0.0175439
cl60_178	Escherichia_coli-KX37	1	57	0.0175439
cl60_178	Escherichia_coli-KX38	6	57	0.105263
cl60_178	Escherichia_coli-KX42	5	57	0.0877193
cl60_178	Escherichia_coli-KX46	6	57	0.105263
cl60_178	O166	51	57	0.894737
cl60_179	Escherichia_coli-KX44	15	17	0.882353
cl60_179	O12	1	17	0.0588235
cl60_179	O13/O129/O135	7	17	0.411765
cl60_179	O153/O178	2	17	0.117647
cl60_179	O7	4	17	0.235294
cl60_179	O86/O90/O127	1	17	0.0588235
cl60_17	O13/O129/O135	1	1	1
cl60_180	O48	24	26	0.923077
cl60_180	O8/O9/O9a	2	26	0.0769231
cl60_182	Escherichia_coli-KX03	2	2	1
cl60_182	O1	2	2	1
cl60_183	Escherichia_coli-KX40	25	33	0.757576
cl60_183	Escherichia_coli-KX42	5	33	0.151515
cl60_183	O11	3	33	0.0909091
cl60_183	O17/O44/O73/O77/O106	25	33	0.757576
cl60_183	O2/O50	1	33	0.030303
cl60_183	O88	1	33	0.030303
cl60_186	Escherichia_coli-KX42	2	2	1
cl60_187	O108	1	20	0.05
cl60_187	O112	10	20	0.5
cl60_187	O8/O9/O9a	12	20	0.6
cl60_188	Escherichia_coli-KX03	5	192	0.0260417
cl60_188	Escherichia_coli-KX17	1	192	0.00520833
cl60_188	Escherichia_coli-KX42	181	192	0.942708
cl60_188	Escherichia_coli-KX75	1	192	0.00520833
cl60_188	O10	1	192	0.00520833
cl60_188	O102	6	192	0.03125
cl60_188	O107/O117	1	192	0.00520833
cl60_188	O11	2	192	0.0104167
cl60_188	O1	29	192	0.151042
cl60_188	O15	10	192	0.0520833
cl60_188	O153/O178	6	192	0.03125
cl60_188	O154	1	192	0.00520833
cl60_188	O16	13	192	0.0677083
cl60_188	O17/O44/O73/O77/O106	12	192	0.0625
cl60_188	O184	1	192	0.00520833
cl60_188	O18/O18ab/O18ac	1	192	0.00520833
cl60_188	O21	18	192	0.09375
cl60_188	O22	1	192	0.00520833
cl60_188	O23	8	192	0.0416667
cl60_188	O25	35	192	0.182292
cl60_188	O3	1	192	0.00520833
cl60_188	O46/O134	1	192	0.00520833
cl60_188	O6	3	192	0.015625
cl60_188	O7	5	192	0.0260417
cl60_188	O86/O90/O127	9	192	0.046875
cl60_188	O88	1	192	0.00520833
cl60_188	Shigella-B9	2	192	0.0104167
cl60_191	K124	1	17	0.0588235
cl60_191	K14	13	17	0.764706
cl60_191	O89/O101/O162	6	17	0.352941
cl60_191	O8/O9/O9a	10	17	0.588235
cl60_193	O8/O9/O9a	2	2	1
cl60_195	K71	6	6	1
cl60_195	O8/O9/O9a	6	6	1
cl60_19	K47	4	6	0.666667
cl60_19	O89/O101/O162	6	6	1
cl60_1	Escherichia_coli-KX11	1	2	0.5
cl60_1	Escherichia_coli-KX42	1	2	0.5
cl60_1	O88	1	2	0.5
cl60_202	Escherichia_coli-KX19	1	2	0.5
cl60_202	Escherichia_coli-KX21	1	2	0.5
cl60_202	O15	1	2	0.5
cl60_202	O25	1	2	0.5
cl60_206	O124/O164	3	22	0.136364
cl60_206	O132	1	22	0.0454545
cl60_206	O153/O178	1	22	0.0454545
cl60_206	O36	1	22	0.0454545
cl60_206	O88	1	22	0.0454545
cl60_206	O8/O9/O9a	14	22	0.636364
cl60_206	Shigella-B17	15	22	0.681818
cl60_209	K134	2	12	0.166667
cl60_209	K25	8	12	0.666667
cl60_209	O8/O9/O9a	12	12	1
cl60_214	K23	2	3	0.666667
cl60_214	K9	1	3	0.333333
cl60_214	O89/O101/O162	1	3	0.333333
cl60_214	O8/O9/O9a	2	3	0.666667
cl60_220	K142	1	12	0.0833333
cl60_220	K53	10	12	0.833333
cl60_220	O89/O101/O162	10	12	0.833333
cl60_220	O8/O9/O9a	1	12	0.0833333
cl60_227	O182	1	1	1
cl60_229	O15	2	3	0.666667
cl60_229	O3	1	3	0.333333
cl60_230	O187	17	17	1
cl60_234	Escherichia_coli-KX02	1	36	0.0277778
cl60_234	O71	36	36	1
cl60_236	O15	1	9	0.111111
cl60_236	O17/O44/O73/O77/O106	1	9	0.111111
cl60_236	O25	1	9	0.111111
cl60_236	O2/O50	1	9	0.111111
cl60_236	O40	4	9	0.444444
cl60_236	O8/O9/O9a	1	9	0.111111
cl60_237	O159	4	4	1
cl60_242	O174	49	55	0.890909
cl60_242	O76	1	55	0.0181818
cl60_242	O87	1	55	0.0181818
cl60_242	O8/O9/O9a	4	55	0.0727273
cl60_243	O16	1	4	0.25
cl60_243	O23	1	4	0.25
cl60_243	O3	1	4	0.25
cl60_243	O88	1	4	0.25
cl60_244	O38	20	20	1
cl60_248	Escherichia_coli-KX29	2	2	1
cl60_248	O25	2	2	1
cl60_249	Escherichia_coli-KX03	1	1	1
cl60_249	O2/O50	1	1	1
cl60_253	O152	1	1	1
cl60_255	O79	4	4	1
cl60_256	O98	1	1	1
cl60_258	O1	1	10	0.1
cl60_258	O133	1	10	0.1
cl60_258	O8/O9/O9a	8	10	0.8
cl60_264	O8/O9/O9a	11	11	1
cl60_266	O180	3	3	1
cl60_267	Escherichia_coli-KX11	2	71	0.028169
cl60_267	Escherichia_coli-KX32	10	71	0.140845
cl60_267	Escherichia_coli-KX42	1	71	0.0140845
cl60_267	Escherichia_coli-KX52	6	71	0.084507
cl60_267	Escherichia_coli-KX53	29	71	0.408451
cl60_267	Escherichia_coli-KX54	19	71	0.267606
cl60_267	O102	1	71	0.0140845
cl60_267	O1	1	71	0.0140845
cl60_267	O11	7	71	0.0985915
cl60_267	O153/O178	3	71	0.0422535
cl60_267	O154	1	71	0.0140845
cl60_267	O15	6	71	0.084507
cl60_267	O21	2	71	0.028169
cl60_267	O23	1	71	0.0140845
cl60_267	O25	2	71	0.028169
cl60_267	O2/O50	3	71	0.0422535
cl60_267	O6	36	71	0.507042
cl60_267	O7	1	71	0.0140845
cl60_267	O86/O90/O127	3	71	0.0422535
cl60_267	O99	1	71	0.0140845
cl60_273	Escherichia_coli-KX02	1	5	0.2
cl60_273	Escherichia_coli-KX75	3	5	0.6
cl60_273	O11	1	5	0.2
cl60_273	O17/O44/O73/O77/O106	1	5	0.2
cl60_273	O21	1	5	0.2
cl60_273	O25	1	5	0.2
cl60_273	O7	1	5	0.2
cl60_279	Escherichia_coli-KX42	1	1	1
cl60_281	O108	5	6	0.833333
cl60_281	O149	1	6	0.166667
cl60_282	O53	1	39	0.025641
cl60_282	O8/O9/O9a	38	39	0.974359
cl60_287	O3	1	2	0.5
cl60_287	O89/O101/O162	1	2	0.5
cl60_290	O48	1	1	1
cl60_295	O132	1	21	0.047619
cl60_295	O153/O178	1	21	0.047619
cl60_295	O154	8	21	0.380952
cl60_295	O19	1	21	0.047619
cl60_295	O21	6	21	0.285714
cl60_295	O51	2	21	0.0952381
cl60_295	O6	2	21	0.0952381
cl60_295	O8/O9/O9a	2	21	0.0952381
cl60_298	Escherichia_coli-KX42	2	2	1
cl60_298	OX13	1	2	0.5
cl60_29	O153/O178	69	72	0.958333
cl60_29	O174	1	72	0.0138889
cl60_29	O21	3	72	0.0416667
cl60_300	Escherichia_coli-KX03	14	229	0.0611354
cl60_300	Escherichia_coli-KX05	2	229	0.00873362
cl60_300	Escherichia_coli-KX15	1	229	0.00436681
cl60_300	Escherichia_coli-KX17	2	229	0.00873362
cl60_300	Escherichia_coli-KX21	4	229	0.0174672
cl60_300	Escherichia_coli-KX22	1	229	0.00436681
cl60_300	Escherichia_coli-KX28	1	229	0.00436681
cl60_300	Escherichia_coli-KX29	94	229	0.41048
cl60_300	Escherichia_coli-KX30	30	229	0.131004
cl60_300	Escherichia_coli-KX31	1	229	0.00436681
cl60_300	Escherichia_coli-KX34	38	229	0.165939
cl60_300	Escherichia_coli-KX41	1	229	0.00436681
cl60_300	Escherichia_coli-KX42	25	229	0.10917
cl60_300	Escherichia_coli-KX47	1	229	0.00436681
cl60_300	Escherichia_coli-KX48	1	229	0.00436681
cl60_300	O10	2	229	0.00873362
cl60_300	O107/O117	3	229	0.0131004
cl60_300	O11	1	229	0.00436681
cl60_300	O12	1	229	0.00436681
cl60_300	O1	3	229	0.0131004
cl60_300	O130	1	229	0.00436681
cl60_300	O13/O129/O135	1	229	0.00436681
cl60_300	O15	1	229	0.00436681
cl60_300	O153/O178	14	229	0.0611354
cl60_300	O16	15	229	0.0655022
cl60_300	O174	1	229	0.00436681
cl60_300	O17/O44/O73/O77/O106	9	229	0.0393013
cl60_300	O18/O18ab/O18ac	15	229	0.0655022
cl60_300	O21	2	229	0.00873362
cl60_300	O22	4	229	0.0174672
cl60_300	O25	53	229	0.231441
cl60_300	O2/O50	17	229	0.0742358
cl60_300	O3	7	229	0.0305677
cl60_300	O4	1	229	0.00436681
cl60_300	O45	11	229	0.0480349
cl60_300	O6	15	229	0.0655022
cl60_300	O7	1	229	0.00436681
cl60_300	O75	18	229	0.0786026
cl60_300	O86/O90/O127	14	229	0.0611354
cl60_307	Escherichia_coli-KX69	1	2	0.5
cl60_307	O18/O18ab/O18ac	1	2	0.5
cl60_307	O3	1	2	0.5
cl60_309	O15	1	21	0.047619
cl60_309	O160	1	21	0.047619
cl60_309	O8/O9/O9a	20	21	0.952381
cl60_310	Escherichia_coli-KX75	13	15	0.866667
cl60_310	O107/O117	4	15	0.266667
cl60_310	O13/O129/O135	3	15	0.2
cl60_310	O15	1	15	0.0666667
cl60_310	O153/O178	1	15	0.0666667
cl60_310	O17/O44/O73/O77/O106	3	15	0.2
cl60_310	O21	2	15	0.133333
cl60_310	O23	1	15	0.0666667
cl60_313	Escherichia_coli-KX16	2	43	0.0465116
cl60_313	Escherichia_coli-KX42	1	43	0.0232558
cl60_313	O153/O178	1	43	0.0232558
cl60_313	O21	34	43	0.790698
cl60_313	O39	1	43	0.0232558
cl60_313	O51	1	43	0.0232558
cl60_313	O85	1	43	0.0232558
cl60_313	O86/O90/O127	1	43	0.0232558
cl60_313	O88	2	43	0.0465116
cl60_314	O142	17	17	1
cl60_316	O133	1	1	1
cl60_317	Escherichia_coli-KX03	1	6	0.166667
cl60_317	O154	4	6	0.666667
cl60_317	O21	1	6	0.166667
cl60_317	O36	1	6	0.166667
cl60_319	O51	5	6	0.833333
cl60_319	O98	1	6	0.166667
cl60_324	Escherichia_coli-KX16	1	57	0.0175439
cl60_324	Escherichia_coli-KX21	2	57	0.0350877
cl60_324	Escherichia_coli-KX41	1	57	0.0175439
cl60_324	Escherichia_coli-KX42	1	57	0.0175439
cl60_324	Escherichia_coli-KX54	1	57	0.0175439
cl60_324	O118/O151	1	57	0.0175439
cl60_324	O6	56	57	0.982456
cl60_326	Escherichia_coli-KX75	1	1	1
cl60_326	O15	1	1	1
cl60_330	K13	9	24	0.375
cl60_330	K2	10	24	0.416667
cl60_330	O8/O9/O9a	23	24	0.958333
cl60_331	O6	34	34	1
cl60_333	O74	5	5	1
cl60_334	O8/O9/O9a	1	1	1
cl60_336	K53	1	28	0.0357143
cl60_336	O153/O178	1	28	0.0357143
cl60_336	O188	26	28	0.928571
cl60_336	Shigella-B16	24	28	0.857143
cl60_338	O102	1	6	0.166667
cl60_338	O167	5	6	0.833333
cl60_340	O118/O151	19	19	1
cl60_341	Escherichia_coli-KX03	1	46	0.0217391
cl60_341	Escherichia_coli-KX42	3	46	0.0652174
cl60_341	O29	2	46	0.0434783
cl60_341	O30	1	46	0.0217391
cl60_341	O46/O134	35	46	0.76087
cl60_341	O8/O9/O9a	28	46	0.608696
cl60_342	Escherichia_coli-KX16	1	36	0.0277778
cl60_342	O18/O18ab/O18ac	36	36	1
cl60_342	O40	1	36	0.0277778
cl60_344	Escherichia_coli-KX75	2	2	1
cl60_344	O15	1	2	0.5
cl60_344	O21	1	2	0.5
cl60_345	O54	1	1	1
cl60_348	Escherichia_coli-K96	1	123	0.00813008
cl60_348	Escherichia_coli-KX02	3	123	0.0243902
cl60_348	Escherichia_coli-KX03	1	123	0.00813008
cl60_348	Escherichia_coli-KX16	4	123	0.0325203
cl60_348	Escherichia_coli-KX21	1	123	0.00813008
cl60_348	Escherichia_coli-KX22	64	123	0.520325
cl60_348	Escherichia_coli-KX41	1	123	0.00813008
cl60_348	Escherichia_coli-KX42	34	123	0.276423
cl60_348	Escherichia_coli-KX46	3	123	0.0243902
cl60_348	Escherichia_coli-KX54	1	123	0.00813008
cl60_348	Escherichia_coli-KX75	4	123	0.0325203
cl60_348	O120	1	123	0.00813008
cl60_348	O1	22	123	0.178862
cl60_348	O149	1	123	0.00813008
cl60_348	O153/O178	6	123	0.0487805
cl60_348	O15	5	123	0.0406504
cl60_348	O17/O44/O73/O77/O106	5	123	0.0406504
cl60_348	O25	7	123	0.0569106
cl60_348	O2/O50	23	123	0.186992
cl60_348	O4	3	123	0.0243902
cl60_348	O45	7	123	0.0569106
cl60_348	O5	14	123	0.113821
cl60_348	O7	10	123	0.0813008
cl60_348	O83	8	123	0.0650407
cl60_348	O86/O90/O127	1	123	0.00813008
cl60_348	Shigella-B9	2	123	0.0162602
cl60_34	Escherichia_coli-KX21	1	2	0.5
cl60_34	O25	1	2	0.5
cl60_34	O32	1	2	0.5
cl60_34	O8/O9/O9a	1	2	0.5
cl60_351	K19	1	28	0.0357143
cl60_351	K20	2	28	0.0714286
cl60_351	K46	2	28	0.0714286
cl60_351	K57	18	28	0.642857
cl60_351	O160	1	28	0.0357143
cl60_351	O89/O101/O162	12	28	0.428571
cl60_351	O8/O9/O9a	7	28	0.25
cl60_353	K46	2	2	1
cl60_354	O180	21	21	1
cl60_355	Escherichia_coli-KX03	1	3	0.333333
cl60_355	O130	1	3	0.333333
cl60_355	O17/O44/O73/O77/O106	1	3	0.333333
cl60_355	O18/O18ab/O18ac	1	3	0.333333
cl60_359	K47	30	37	0.810811
cl60_359	K63	1	37	0.027027
cl60_359	O89/O101/O162	31	37	0.837838
cl60_359	O8/O9/O9a	5	37	0.135135
cl60_364	O39	16	16	1
cl60_367	K16	1	4	0.25
cl60_367	K25	3	4	0.75
cl60_367	O8/O9/O9a	4	4	1
cl60_371	Escherichia_coli-KX02	2	55	0.0363636
cl60_371	Escherichia_coli-KX42	2	55	0.0363636
cl60_371	Escherichia_coli-KX75	41	55	0.745455
cl60_371	O107/O117	6	55	0.109091
cl60_371	O13/O129/O135	6	55	0.109091
cl60_371	O153/O178	1	55	0.0181818
cl60_371	O15	9	55	0.163636
cl60_371	O166	3	55	0.0545455
cl60_371	O17/O44/O73/O77/O106	18	55	0.327273
cl60_371	O21	1	55	0.0181818
cl60_371	O6	3	55	0.0545455
cl60_371	O7	7	55	0.127273
cl60_374	O176	1	2	0.5
cl60_374	O19	1	2	0.5
cl60_37	K102	1	1	1
cl60_389	O80	11	11	1
cl60_38	Escherichia_coli-KX03	1	8	0.125
cl60_38	Escherichia_coli-KX42	2	8	0.25
cl60_38	O128ab/O128ac/O128	1	8	0.125
cl60_38	O15	2	8	0.25
cl60_38	O169/O183	1	8	0.125
cl60_38	O22	1	8	0.125
cl60_38	O24/O56/O157	1	8	0.125
cl60_38	O54	1	8	0.125
cl60_38	O75	1	8	0.125
cl60_391	Escherichia_coli-KX42	1	4	0.25
cl60_391	Shigella-B9	3	4	0.75
cl60_394	O182	1	3	0.333333
cl60_394	O8/O9/O9a	2	3	0.666667
cl60_394	Shigella-D10	2	3	0.666667
cl60_395	O36	1	1	1
cl60_398	O131	1	24	0.0416667
cl60_398	O141/O141ab/O141ac	21	24	0.875
cl60_398	O182	1	24	0.0416667
cl60_398	O98	1	24	0.0416667
cl60_3	Escherichia_coli-KX03	2	2	1
cl60_3	O156	2	2	1
cl60_401	O54	15	15	1
cl60_405	K115	1	1	1
cl60_405	O8/O9/O9a	1	1	1
cl60_407	Escherichia_coli-KX42	1	1	1
cl60_407	O2/O50	1	1	1
cl60_408	K71	1	1	1
cl60_408	O8/O9/O9a	1	1	1
cl60_409	Escherichia_coli-KX16	1	27	0.037037
cl60_409	O10	1	27	0.037037
cl60_409	O113	25	27	0.925926
cl60_409	O2/O50	1	27	0.037037
cl60_409	O8/O9/O9a	1	27	0.037037
cl60_410	O54	17	17	1
cl60_412	O22	2	2	1
cl60_413	K43	5	5	1
cl60_413	O89/O101/O162	3	5	0.6
cl60_413	O8/O9/O9a	2	5	0.4
cl60_414	Escherichia_coli-KX24	1	7	0.142857
cl60_414	O133	7	7	1
cl60_416	Escherichia_coli-KX42	20	20	1
cl60_416	O1	1	20	0.05
cl60_416	O23	1	20	0.05
cl60_416	O5	5	20	0.25
cl60_416	O7	7	20	0.35
cl60_416	O86/O90/O127	1	20	0.05
cl60_416	O88	1	20	0.05
cl60_418	Escherichia_coli-KX15	1	64	0.015625
cl60_418	Escherichia_coli-KX16	1	64	0.015625
cl60_418	Escherichia_coli-KX36	48	64	0.75
cl60_418	Escherichia_coli-KX41	1	64	0.015625
cl60_418	Escherichia_coli-KX42	11	64	0.171875
cl60_418	O1	3	64	0.046875
cl60_418	O132	4	64	0.0625
cl60_418	O139	14	64	0.21875
cl60_418	O13/O129/O135	4	64	0.0625
cl60_418	O18/O18ab/O18ac	4	64	0.0625
cl60_418	O25	2	64	0.03125
cl60_418	O4	25	64	0.390625
cl60_418	O51	2	64	0.03125
cl60_422	O4	25	25	1
cl60_426	O15	1	2	0.5
cl60_426	O18/O18ab/O18ac	1	2	0.5
cl60_428	Escherichia_coli-KX03	1	1	1
cl60_428	O86/O90/O127	1	1	1
cl60_430	O153/O178	1	7	0.142857
cl60_430	O30	5	7	0.714286
cl60_430	O8/O9/O9a	6	7	0.857143
cl60_431	O45	1	1	1
cl60_439	O25	1	8	0.125
cl60_439	O93	7	8	0.875
cl60_442	O112	23	23	1
cl60_443	O128ab/O128ac/O128	1	36	0.0277778
cl60_443	O160	1	36	0.0277778
cl60_443	O81	1	36	0.0277778
cl60_443	O8/O9/O9a	9	36	0.25
cl60_443	O93	30	36	0.833333
cl60_445	Escherichia_coli-K11	1	86	0.0116279
cl60_445	Escherichia_coli-KX47	67	86	0.77907
cl60_445	O109	1	86	0.0116279
cl60_445	O16	4	86	0.0465116
cl60_445	O17/O44/O73/O77/O106	4	86	0.0465116
cl60_445	O22	2	86	0.0232558
cl60_445	O23	1	86	0.0116279
cl60_445	O25	68	86	0.790698
cl60_445	O4	3	86	0.0348837
cl60_447	O13/O129/O135	1	1	1
cl60_449	K71	1	1	1
cl60_449	O8/O9/O9a	1	1	1
cl60_451	Escherichia_coli-KX16	2	35	0.0571429
cl60_451	O20/O137	35	35	1
cl60_458	O144	6	6	1
cl60_459	Escherichia_coli-KX29	2	3	0.666667
cl60_459	Escherichia_coli-KX30	1	3	0.333333
cl60_459	O25	3	3	1
cl60_45	O125ab/O125ac/O125	1	85	0.0117647
cl60_45	O133	1	85	0.0117647
cl60_45	O140	1	85	0.0117647
cl60_45	O176	1	85	0.0117647
cl60_45	O29	1	85	0.0117647
cl60_45	O39	1	85	0.0117647
cl60_45	O51	1	85	0.0117647
cl60_45	O54	1	85	0.0117647
cl60_45	O61	1	85	0.0117647
cl60_45	O76	1	85	0.0117647
cl60_45	O78	1	85	0.0117647
cl60_45	O88	1	85	0.0117647
cl60_45	O8/O9/O9a	74	85	0.870588
cl60_460	O8/O9/O9a	1	1	1
cl60_460	Shigella-D10	1	1	1
cl60_466	28	1	54	0.0185185
cl60_466	Escherichia_coli-KX21	1	54	0.0185185
cl60_466	Escherichia_coli-KX23	1	54	0.0185185
cl60_466	Escherichia_coli-KX42	1	54	0.0185185
cl60_466	Escherichia_coli-KX75	1	54	0.0185185
cl60_466	O107/O117	1	54	0.0185185
cl60_466	O11	1	54	0.0185185
cl60_466	O5	51	54	0.944444
cl60_466	O86/O90/O127	1	54	0.0185185
cl60_466	O91	1	54	0.0185185
cl60_475	Escherichia_coli-KX16	1	16	0.0625
cl60_475	O184	1	16	0.0625
cl60_475	O45	1	16	0.0625
cl60_475	O70	14	16	0.875
cl60_478	Escherichia_coli-KX16	3	198	0.0151515
cl60_478	Escherichia_coli-KX31	1	198	0.00505051
cl60_478	Escherichia_coli-KX42	92	198	0.464646
cl60_478	Escherichia_coli-KX46	95	198	0.479798
cl60_478	O102	13	198	0.0656566
cl60_478	O10	4	198	0.020202
cl60_478	O107/O117	1	198	0.00505051
cl60_478	O11	17	198	0.0858586
cl60_478	O1	20	198	0.10101
cl60_478	O120	1	198	0.00505051
cl60_478	O125ab/O125ac/O125	2	198	0.010101
cl60_478	O126	1	198	0.00505051
cl60_478	O13/O129/O135	3	198	0.0151515
cl60_478	O153/O178	13	198	0.0656566
cl60_478	O166	9	198	0.0454545
cl60_478	O17/O44/O73/O77/O106	11	198	0.0555556
cl60_478	O19	4	198	0.020202
cl60_478	O21	3	198	0.0151515
cl60_478	O23	3	198	0.0151515
cl60_478	O25	4	198	0.020202
cl60_478	O2/O50	3	198	0.0151515
cl60_478	O39	10	198	0.0505051
cl60_478	O4	1	198	0.00505051
cl60_478	O45	6	198	0.030303
cl60_478	O49	1	198	0.00505051
cl60_478	O5	1	198	0.00505051
cl60_478	O60	5	198	0.0252525
cl60_478	O7	2	198	0.010101
cl60_478	O86/O90/O127	26	198	0.131313
cl60_478	O99	12	198	0.0606061
cl60_485	O176	1	5	0.2
cl60_485	O76	1	5	0.2
cl60_485	O8/O9/O9a	4	5	0.8
cl60_486	O133	6	6	1
cl60_491	O40	2	8	0.25
cl60_491	O8/O9/O9a	8	8	1
cl60_492	O8/O9/O9a	3	3	1
cl60_494	O15	1	1	1
cl60_495	O184	8	8	1
cl60_499	Escherichia_coli-KX42	6	34	0.176471
cl60_499	Escherichia_coli-KX71	1	34	0.0294118
cl60_499	O102	1	34	0.0294118
cl60_499	O11	1	34	0.0294118
cl60_499	O13/O129/O135	1	34	0.0294118
cl60_499	O148	7	34	0.205882
cl60_499	O15	2	34	0.0588235
cl60_499	O153/O178	1	34	0.0294118
cl60_499	O175	4	34	0.117647
cl60_499	O185	1	34	0.0294118
cl60_499	O18/O18ab/O18ac	1	34	0.0294118
cl60_499	O19	5	34	0.147059
cl60_499	O25	2	34	0.0588235
cl60_499	O3	5	34	0.147059
cl60_499	O36	1	34	0.0294118
cl60_499	O5	1	34	0.0294118
cl60_499	O86/O90/O127	1	34	0.0294118
cl60_49	O21	1	10	0.1
cl60_49	O28	1	10	0.1
cl60_49	O32	1	10	0.1
cl60_49	O42	1	10	0.1
cl60_49	O8/O9/O9a	1	10	0.1
cl60_49	O93	7	10	0.7
cl60_500	O118/O151	1	16	0.0625
cl60_500	O78	15	16	0.9375
cl60_502	O20/O137	1	10	0.1
cl60_502	O29	9	10	0.9
cl60_502	O8/O9/O9a	1	10	0.1
cl60_503	O2/O50	12	12	1
cl60_505	O116	1	1	1
cl60_507	O112	9	9	1
cl60_509	O131	1	26	0.0384615
cl60_509	O141/O141ab/O141ac	19	26	0.730769
cl60_509	O147	3	26	0.115385
cl60_509	O182	1	26	0.0384615
cl60_509	O98	2	26	0.0769231
cl60_510	O32	1	2	0.5
cl60_510	O83	1	2	0.5
cl60_512	O184	1	1	1
cl60_514	Escherichia_coli-KX42	1	1	1
cl60_516	Escherichia_coli-KX42	1	35	0.0285714
cl60_516	O112	1	35	0.0285714
cl60_516	O159	33	35	0.942857
cl60_516	O22	1	35	0.0285714
cl60_516	O8/O9/O9a	1	35	0.0285714
cl60_520	Escherichia_coli-KX03	2	307	0.00651466
cl60_520	Escherichia_coli-KX05	1	307	0.00325733
cl60_520	Escherichia_coli-KX13	3	307	0.00977199
cl60_520	Escherichia_coli-KX16	13	307	0.0423453
cl60_520	Escherichia_coli-KX21	4	307	0.0130293
cl60_520	Escherichia_coli-KX22	146	307	0.47557
cl60_520	Escherichia_coli-KX23	8	307	0.0260586
cl60_520	Escherichia_coli-KX25	1	307	0.00325733
cl60_520	Escherichia_coli-KX29	3	307	0.00977199
cl60_520	Escherichia_coli-KX32	1	307	0.00325733
cl60_520	Escherichia_coli-KX34	2	307	0.00651466
cl60_520	Escherichia_coli-KX36	2	307	0.00651466
cl60_520	Escherichia_coli-KX37	1	307	0.00325733
cl60_520	Escherichia_coli-KX41	1	307	0.00325733
cl60_520	Escherichia_coli-KX42	76	307	0.247557
cl60_520	Escherichia_coli-KX46	6	307	0.019544
cl60_520	Escherichia_coli-KX47	1	307	0.00325733
cl60_520	Escherichia_coli-KX52	1	307	0.00325733
cl60_520	Escherichia_coli-KX53	2	307	0.00651466
cl60_520	Escherichia_coli-KX54	3	307	0.00977199
cl60_520	Escherichia_coli-KX74	6	307	0.019544
cl60_520	Escherichia_coli-KX75	3	307	0.00977199
cl60_520	K101	1	307	0.00325733
cl60_520	K103	3	307	0.00977199
cl60_520	K63	2	307	0.00651466
cl60_520	O10	1	307	0.00325733
cl60_520	O102	6	307	0.019544
cl60_520	O120	2	307	0.00651466
cl60_520	O128ab/O128ac/O128	1	307	0.00325733
cl60_520	O13/O129/O135	1	307	0.00325733
cl60_520	O1	41	307	0.13355
cl60_520	O15	17	307	0.0553746
cl60_520	O153/O178	12	307	0.0390879
cl60_520	O154	1	307	0.00325733
cl60_520	O16	2	307	0.00651466
cl60_520	O17/O44/O73/O77/O106	10	307	0.0325733
cl60_520	O19	1	307	0.00325733
cl60_520	O25	28	307	0.0912052
cl60_520	O2/O50	61	307	0.198697
cl60_520	O36	1	307	0.00325733
cl60_520	O4	17	307	0.0553746
cl60_520	O45	12	307	0.0390879
cl60_520	O5	12	307	0.0390879
cl60_520	O51	2	307	0.00651466
cl60_520	O53	1	307	0.00325733
cl60_520	O6	2	307	0.00651466
cl60_520	O7	13	307	0.0423453
cl60_520	O83	26	307	0.0846906
cl60_520	O86/O90/O127	5	307	0.0162866
cl60_520	O88	1	307	0.00325733
cl60_520	O8/O9/O9a	2	307	0.00651466
cl60_520	Shigella-B9	3	307	0.00977199
cl60_523	K47	25	33	0.757576
cl60_523	O89/O101/O162	26	33	0.787879
cl60_523	O8/O9/O9a	6	33	0.181818
cl60_526	O170	12	12	1
cl60_527	Escherichia_coli-KX42	1	1	1
cl60_528	O39	1	15	0.0666667
cl60_528	O45	12	15	0.8
cl60_528	O66	1	15	0.0666667
cl60_528	Shigella-B7	1	15	0.0666667
cl60_52	Escherichia_coli-KX02	8	211	0.0379147
cl60_52	Escherichia_coli-KX19	20	211	0.0947867
cl60_52	Escherichia_coli-KX22	2	211	0.00947867
cl60_52	Escherichia_coli-KX23	43	211	0.203791
cl60_52	Escherichia_coli-KX24	81	211	0.383886
cl60_52	Escherichia_coli-KX29	2	211	0.00947867
cl60_52	Escherichia_coli-KX39	2	211	0.00947867
cl60_52	Escherichia_coli-KX41	1	211	0.00473934
cl60_52	Escherichia_coli-KX42	41	211	0.194313
cl60_52	Escherichia_coli-KX48	2	211	0.00947867
cl60_52	Escherichia_coli-KX75	1	211	0.00473934
cl60_52	K103	3	211	0.014218
cl60_52	O10	1	211	0.00473934
cl60_52	O102	3	211	0.014218
cl60_52	O11	5	211	0.0236967
cl60_52	O120	3	211	0.014218
cl60_52	O133	1	211	0.00473934
cl60_52	O1	4	211	0.0189573
cl60_52	O153/O178	24	211	0.113744
cl60_52	O15	8	211	0.0379147
cl60_52	O16	1	211	0.00473934
cl60_52	O173	1	211	0.00473934
cl60_52	O17/O44/O73/O77/O106	6	211	0.028436
cl60_52	O19	2	211	0.00947867
cl60_52	O21	3	211	0.014218
cl60_52	O22	24	211	0.113744
cl60_52	O25	22	211	0.104265
cl60_52	O2/O50	13	211	0.0616114
cl60_52	O3	1	211	0.00473934
cl60_52	O40	1	211	0.00473934
cl60_52	O4	9	211	0.042654
cl60_52	O6	48	211	0.227488
cl60_52	O83	3	211	0.014218
cl60_52	O86/O90/O127	3	211	0.014218
cl60_52	O88	1	211	0.00473934
cl60_52	O8/O9/O9a	1	211	0.00473934
cl60_52	Shigella-B9	4	211	0.0189573
cl60_533	Escherichia_coli-KX11	2	13	0.153846
cl60_533	Escherichia_coli-KX38	1	13	0.0769231
cl60_533	O16	13	13	1
cl60_536	Escherichia_coli-KX42	1	3	0.333333
cl60_536	O1	2	3	0.666667
cl60_537	Escherichia_coli-KX03	1	43	0.0232558
cl60_537	Escherichia_coli-KX29	4	43	0.0930233
cl60_537	Escherichia_coli-KX42	37	43	0.860465
cl60_537	Escherichia_coli-KX53	1	43	0.0232558
cl60_537	O107/O117	1	43	0.0232558
cl60_537	O1	2	43	0.0465116
cl60_537	O153/O178	1	43	0.0232558
cl60_537	O160	1	43	0.0232558
cl60_537	O23	1	43	0.0232558
cl60_537	O32	1	43	0.0232558
cl60_537	O46/O134	1	43	0.0232558
cl60_537	O51	1	43	0.0232558
cl60_537	O5	9	43	0.209302
cl60_537	O7	14	43	0.325581
cl60_537	O86/O90/O127	1	43	0.0232558
cl60_537	O88	2	43	0.0465116
cl60_53	O153/O178	1	16	0.0625
cl60_53	O154	9	16	0.5625
cl60_53	O21	4	16	0.25
cl60_53	O36	1	16	0.0625
cl60_53	O8/O9/O9a	2	16	0.125
cl60_53	Shigella-B9	1	16	0.0625
cl60_541	O61	15	18	0.833333
cl60_541	O8/O9/O9a	5	18	0.277778
cl60_542	O149	1	127	0.00787402
cl60_542	O150	1	127	0.00787402
cl60_542	O15	1	127	0.00787402
cl60_542	O180	1	127	0.00787402
cl60_542	O24/O56/O157	1	127	0.00787402
cl60_542	O32	1	127	0.00787402
cl60_542	O8/O9/O9a	122	127	0.96063
cl60_544	Escherichia_coli-KX29	3	4	0.75
cl60_544	Escherichia_coli-KX30	1	4	0.25
cl60_544	O25	3	4	0.75
cl60_546	K9	1	1	1
cl60_547	O71	10	10	1
cl60_549	O29	7	7	1
cl60_54	Escherichia_coli-KX03	3	67	0.0447761
cl60_54	Escherichia_coli-KX05	1	67	0.0149254
cl60_54	Escherichia_coli-KX16	3	67	0.0447761
cl60_54	Escherichia_coli-KX20	1	67	0.0149254
cl60_54	Escherichia_coli-KX23	1	67	0.0149254
cl60_54	Escherichia_coli-KX25	1	67	0.0149254
cl60_54	Escherichia_coli-KX34	1	67	0.0149254
cl60_54	Escherichia_coli-KX37	3	67	0.0447761
cl60_54	Escherichia_coli-KX41	1	67	0.0149254
cl60_54	Escherichia_coli-KX42	3	67	0.0447761
cl60_54	Escherichia_coli-KX44	1	67	0.0149254
cl60_54	Escherichia_coli-KX48	1	67	0.0149254
cl60_54	O109	1	67	0.0149254
cl60_54	O153/O178	62	67	0.925373
cl60_54	O23	1	67	0.0149254
cl60_54	O8/O9/O9a	1	67	0.0149254
cl60_550	K46	4	4	1
cl60_550	O8/O9/O9a	3	4	0.75
cl60_553	O139	7	7	1
cl60_554	Escherichia_coli-KX28	2	6	0.333333
cl60_554	Escherichia_coli-KX31	1	6	0.166667
cl60_554	O159	1	6	0.166667
cl60_554	O29	1	6	0.166667
cl60_554	O49	1	6	0.166667
cl60_556	O169/O183	10	11	0.909091
cl60_556	O33	1	11	0.0909091
cl60_556	Shigella-B6	3	11	0.272727
cl60_559	O2/O50	38	38	1
cl60_562	O108	30	30	1
cl60_562	O8/O9/O9a	2	30	0.0666667
cl60_563	Escherichia_coli-KX03	1	14	0.0714286
cl60_563	Escherichia_coli-KX11	1	14	0.0714286
cl60_563	Escherichia_coli-KX22	1	14	0.0714286
cl60_563	Escherichia_coli-KX40	1	14	0.0714286
cl60_563	Escherichia_coli-KX42	2	14	0.142857
cl60_563	K57	1	14	0.0714286
cl60_563	O88	13	14	0.928571
cl60_563	O8/O9/O9a	1	14	0.0714286
cl60_564	O169/O183	9	9	1
cl60_571	Escherichia_coli-K24	1	76	0.0131579
cl60_571	Escherichia_coli-KX20	1	76	0.0131579
cl60_571	Escherichia_coli-KX42	1	76	0.0131579
cl60_571	O108	1	76	0.0131579
cl60_571	O21	1	76	0.0131579
cl60_571	O32	24	76	0.315789
cl60_571	O75	1	76	0.0131579
cl60_571	O78	1	76	0.0131579
cl60_571	O83	41	76	0.539474
cl60_571	O8/O9/O9a	12	76	0.157895
cl60_572	K13	5	7	0.714286
cl60_572	K2	2	7	0.285714
cl60_572	O89/O101/O162	1	7	0.142857
cl60_572	O8/O9/O9a	6	7	0.857143
cl60_574	Escherichia_coli-KX16	1	7	0.142857
cl60_574	Escherichia_coli-KX42	1	7	0.142857
cl60_574	O16	5	7	0.714286
cl60_574	O177	1	7	0.142857
cl60_574	O25	1	7	0.142857
cl60_575	O85	9	9	1
cl60_576	58	1	62	0.016129
cl60_576	Escherichia_coli-KX78	1	62	0.016129
cl60_576	O103	1	62	0.016129
cl60_576	O118/O151	1	62	0.016129
cl60_576	O123/O186	1	62	0.016129
cl60_576	O26	56	62	0.903226
cl60_576	O4	2	62	0.0322581
cl60_576	O69	1	62	0.016129
cl60_576	O71	1	62	0.016129
cl60_576	O8/O9/O9a	1	62	0.016129
cl60_577	O105	2	4	0.5
cl60_577	O107/O117	1	4	0.25
cl60_577	O16	1	4	0.25
cl60_57	O76	3	3	1
cl60_581	O126	1	3	0.333333
cl60_581	O154	1	3	0.333333
cl60_581	O177	1	3	0.333333
cl60_583	Escherichia_coli-KX41	1	1	1
cl60_583	O6	1	1	1
cl60_584	O53	3	3	1
cl60_585	O181	8	8	1
cl60_589	O174	1	1	1
cl60_590	O146	8	8	1
cl60_593	Escherichia_coli-KX03	2	42	0.047619
cl60_593	Escherichia_coli-KX05	1	42	0.0238095
cl60_593	Escherichia_coli-KX09	2	42	0.047619
cl60_593	Escherichia_coli-KX11	2	42	0.047619
cl60_593	Escherichia_coli-KX13	3	42	0.0714286
cl60_593	Escherichia_coli-KX15	1	42	0.0238095
cl60_593	Escherichia_coli-KX16	1	42	0.0238095
cl60_593	Escherichia_coli-KX37	1	42	0.0238095
cl60_593	Escherichia_coli-KX42	2	42	0.047619
cl60_593	O148	1	42	0.0238095
cl60_593	O39	1	42	0.0238095
cl60_593	O7	39	42	0.928571
cl60_596	O11	1	38	0.0263158
cl60_596	O16	1	38	0.0263158
cl60_596	O48	1	38	0.0263158
cl60_596	O82	35	38	0.921053
cl60_603	Escherichia_coli-KX03	9	40	0.225
cl60_603	Escherichia_coli-KX17	3	40	0.075
cl60_603	Escherichia_coli-KX18	1	40	0.025
cl60_603	Escherichia_coli-KX21	2	40	0.05
cl60_603	Escherichia_coli-KX22	1	40	0.025
cl60_603	Escherichia_coli-KX24	1	40	0.025
cl60_603	Escherichia_coli-KX29	5	40	0.125
cl60_603	Escherichia_coli-KX30	3	40	0.075
cl60_603	Escherichia_coli-KX42	3	40	0.075
cl60_603	O2/O50	39	40	0.975
cl60_605	O95	3	3	1
cl60_606	O78	1	23	0.0434783
cl60_606	O8/O9/O9a	22	23	0.956522
cl60_609	O32	1	1	1
cl60_60	K53	1	1	1
cl60_60	O89/O101/O162	1	1	1
cl60_615	O8/O9/O9a	1	2	0.5
cl60_615	Shigella-B7	1	2	0.5
cl60_616	Escherichia_coli-KX28	1	1	1
cl60_617	Escherichia_coli-KX42	1	33	0.030303
cl60_617	O15	1	33	0.030303
cl60_617	O8/O9/O9a	32	33	0.969697
cl60_618	O79	2	2	1
cl60_621	O79	12	12	1
cl60_623	O11	1	11	0.0909091
cl60_623	O143	10	11	0.909091
cl60_625	O115	17	17	1
cl60_627	O1	2	2	1
cl60_62	O18/O18ab/O18ac	29	30	0.966667
cl60_62	O86/O90/O127	1	30	0.0333333
cl60_632	O38	1	23	0.0434783
cl60_632	O5	21	23	0.913043
cl60_632	O8/O9/O9a	1	23	0.0434783
cl60_633	O102	1	52	0.0192308
cl60_633	O132	1	52	0.0192308
cl60_633	O160	39	52	0.75
cl60_633	O23	1	52	0.0192308
cl60_633	O25	1	52	0.0192308
cl60_633	O40	2	52	0.0384615
cl60_633	O8/O9/O9a	29	52	0.557692
cl60_636	Escherichia_coli-K96	2	5	0.4
cl60_636	O11	1	5	0.2
cl60_636	O17/O44/O73/O77/O106	2	5	0.4
cl60_636	O25	2	5	0.4
cl60_640	O163	23	23	1
cl60_642	O37	8	9	0.888889
cl60_642	O61	1	9	0.111111
cl60_643	O166	6	6	1
cl60_644	O147	22	27	0.814815
cl60_644	O8/O9/O9a	5	27	0.185185
cl60_646	O41	9	9	1
cl60_647	Escherichia_coli-KX03	1	5	0.2
cl60_647	O45	5	5	1
cl60_650	K114	1	13	0.0769231
cl60_650	O150	13	13	1
cl60_650	O8/O9/O9a	1	13	0.0769231
cl60_652	O147	1	3	0.333333
cl60_652	O21	1	3	0.333333
cl60_652	O24/O56/O157	1	3	0.333333
cl60_657	Escherichia_coli-KX02	4	212	0.0188679
cl60_657	Escherichia_coli-KX03	4	212	0.0188679
cl60_657	Escherichia_coli-KX22	1	212	0.00471698
cl60_657	Escherichia_coli-KX28	20	212	0.0943396
cl60_657	Escherichia_coli-KX31	69	212	0.325472
cl60_657	Escherichia_coli-KX37	2	212	0.00943396
cl60_657	Escherichia_coli-KX41	7	212	0.0330189
cl60_657	Escherichia_coli-KX42	92	212	0.433962
cl60_657	Escherichia_coli-KX53	2	212	0.00943396
cl60_657	O102	1	212	0.00471698
cl60_657	O107/O117	5	212	0.0235849
cl60_657	O11	18	212	0.0849057
cl60_657	O1	12	212	0.0566038
cl60_657	O12	3	212	0.0141509
cl60_657	O13/O129/O135	1	212	0.00471698
cl60_657	O15	30	212	0.141509
cl60_657	O153/O178	40	212	0.188679
cl60_657	O154	1	212	0.00471698
cl60_657	O166	1	212	0.00471698
cl60_657	O17/O44/O73/O77/O106	19	212	0.0896226
cl60_657	O21	1	212	0.00471698
cl60_657	O23	1	212	0.00471698
cl60_657	O25	9	212	0.0424528
cl60_657	O2/O50	18	212	0.0849057
cl60_657	O3	3	212	0.0141509
cl60_657	O45	3	212	0.0141509
cl60_657	O51	1	212	0.00471698
cl60_657	O5	6	212	0.0283019
cl60_657	O6	1	212	0.00471698
cl60_657	O7	1	212	0.00471698
cl60_657	O83	4	212	0.0188679
cl60_657	O86/O90/O127	4	212	0.0188679
cl60_657	O88	5	212	0.0235849
cl60_661	O1	1	3	0.333333
cl60_661	O154	2	3	0.666667
cl60_663	O7	1	1	1
cl60_665	K5	1	50	0.02
cl60_665	K51	1	50	0.02
cl60_665	K55	1	50	0.02
cl60_665	K63	39	50	0.78
cl60_665	O89/O101/O162	9	50	0.18
cl60_665	O8/O9/O9a	37	50	0.74
cl60_667	O15	2	6	0.333333
cl60_667	O3	3	6	0.5
cl60_667	O37	1	6	0.166667
cl60_668	O130	1	5	0.2
cl60_668	O82	4	5	0.8
cl60_66	K9	1	1	1
cl60_66	O89/O101/O162	1	1	1
cl60_672	Escherichia_coli-KX05	1	1	1
cl60_672	O16	1	1	1
cl60_676	O53	1	1	1
cl60_677	Escherichia_coli-KX02	1	23	0.0434783
cl60_677	Escherichia_coli-KX03	1	23	0.0434783
cl60_677	Escherichia_coli-KX41	19	23	0.826087
cl60_677	Escherichia_coli-KX42	2	23	0.0869565
cl60_677	O11	1	23	0.0434783
cl60_677	O15	1	23	0.0434783
cl60_677	O153/O178	1	23	0.0434783
cl60_677	O17/O44/O73/O77/O106	2	23	0.0869565
cl60_677	O2/O50	1	23	0.0434783
cl60_677	O4	1	23	0.0434783
cl60_677	O6	13	23	0.565217
cl60_677	O75	1	23	0.0434783
cl60_678	O53	1	1	1
cl60_682	O23	8	8	1
cl60_683	O70	6	6	1
cl60_684	Escherichia_coli-KX02	1	26	0.0384615
cl60_684	Escherichia_coli-KX21	1	26	0.0384615
cl60_684	Escherichia_coli-KX22	2	26	0.0769231
cl60_684	Escherichia_coli-KX75	1	26	0.0384615
cl60_684	K63	1	26	0.0384615
cl60_684	O102	2	26	0.0769231
cl60_684	O103	1	26	0.0384615
cl60_684	O13/O129/O135	1	26	0.0384615
cl60_684	O150	1	26	0.0384615
cl60_684	O153/O178	1	26	0.0384615
cl60_684	O174	1	26	0.0384615
cl60_684	O177	1	26	0.0384615
cl60_684	O18/O18ab/O18ac	1	26	0.0384615
cl60_684	O21	1	26	0.0384615
cl60_684	O24/O56/O157	4	26	0.153846
cl60_684	O25	2	26	0.0769231
cl60_684	O2/O50	1	26	0.0384615
cl60_684	O39	1	26	0.0384615
cl60_684	O5	1	26	0.0384615
cl60_684	O51	1	26	0.0384615
cl60_684	O88	1	26	0.0384615
cl60_684	O8/O9/O9a	2	26	0.0769231
cl60_684	O91	1	26	0.0384615
cl60_684	Shigella-B18	2	26	0.0769231
cl60_687	O18/O18ab/O18ac	2	2	1
cl60_688	Escherichia_coli-KX03	1	52	0.0192308
cl60_688	Escherichia_coli-KX16	3	52	0.0576923
cl60_688	Escherichia_coli-KX20	4	52	0.0769231
cl60_688	Escherichia_coli-KX37	1	52	0.0192308
cl60_688	Escherichia_coli-KX41	1	52	0.0192308
cl60_688	Escherichia_coli-KX42	1	52	0.0192308
cl60_688	Escherichia_coli-KX44	3	52	0.0576923
cl60_688	Escherichia_coli-KX46	1	52	0.0192308
cl60_688	O153/O178	48	52	0.923077
cl60_688	O174	2	52	0.0384615
cl60_688	O23	1	52	0.0192308
cl60_689	O105	6	6	1
cl60_68	K35	9	11	0.818182
cl60_68	O89/O101/O162	7	11	0.636364
cl60_690	O2/O50	1	1	1
cl60_691	O13/O129/O135	1	1	1
cl60_695	O96	7	7	1
cl60_696	O1	1	1	1
cl60_697	O74	22	22	1
cl60_697	O8/O9/O9a	1	22	0.0454545
cl60_698	O126	1	2	0.5
cl60_698	O53	1	2	0.5
cl60_700	K25	1	2	0.5
cl60_700	O8/O9/O9a	2	2	1
cl60_702	O49	1	1	1
cl60_706	O100	19	21	0.904762
cl60_706	O153/O178	1	21	0.047619
cl60_706	O29	1	21	0.047619
cl60_708	O148	1	3	0.333333
cl60_708	O19	1	3	0.333333
cl60_708	O86/O90/O127	1	3	0.333333
cl60_709	O136	1	1	1
cl60_712	Escherichia_coli-KX20	1	60	0.0166667
cl60_712	O21	2	60	0.0333333
cl60_712	O5	2	60	0.0333333
cl60_712	O91	57	60	0.95
cl60_714	O80	5	5	1
cl60_715	Escherichia_coli-KX32	1	3	0.333333
cl60_715	O10	3	3	1
cl60_716	O55	27	28	0.964286
cl60_716	O88	1	28	0.0357143
cl60_718	O168	18	18	1
cl60_719	OX25	4	4	1
cl60_721	Escherichia_coli-KX02	1	37	0.027027
cl60_721	Escherichia_coli-KX29	1	37	0.027027
cl60_721	Escherichia_coli-KX30	1	37	0.027027
cl60_721	Escherichia_coli-KX36	1	37	0.027027
cl60_721	Escherichia_coli-KX41	1	37	0.027027
cl60_721	Escherichia_coli-KX42	1	37	0.027027
cl60_721	Escherichia_coli-KX46	1	37	0.027027
cl60_721	O18/O18ab/O18ac	36	37	0.972973
cl60_721	O45	1	37	0.027027
cl60_721	O8/O9/O9a	1	37	0.027027
cl60_723	Escherichia_coli-KX41	1	1	1
cl60_723	O25	1	1	1
cl60_725	Escherichia_coli-KX42	11	90	0.122222
cl60_725	O110	1	90	0.0111111
cl60_725	O113	1	90	0.0111111
cl60_725	O11	4	90	0.0444444
cl60_725	O128ab/O128ac/O128	2	90	0.0222222
cl60_725	O146	12	90	0.133333
cl60_725	O1	5	90	0.0555556
cl60_725	O150	1	90	0.0111111
cl60_725	O15	1	90	0.0111111
cl60_725	O152	1	90	0.0111111
cl60_725	O153/O178	1	90	0.0111111
cl60_725	O166	1	90	0.0111111
cl60_725	O174	3	90	0.0333333
cl60_725	O17/O44/O73/O77/O106	1	90	0.0111111
cl60_725	O181	1	90	0.0111111
cl60_725	O20/O137	1	90	0.0111111
cl60_725	O21	6	90	0.0666667
cl60_725	O22	1	90	0.0111111
cl60_725	O23	6	90	0.0666667
cl60_725	O2/O50	2	90	0.0222222
cl60_725	O3	5	90	0.0555556
cl60_725	O43	8	90	0.0888889
cl60_725	O66	2	90	0.0222222
cl60_725	O75	3	90	0.0333333
cl60_725	O7	6	90	0.0666667
cl60_725	O76	4	90	0.0444444
cl60_725	O78	1	90	0.0111111
cl60_725	O81	3	90	0.0333333
cl60_725	O88	2	90	0.0222222
cl60_725	O8/O9/O9a	2	90	0.0222222
cl60_725	O91	2	90	0.0222222
cl60_727	O133	1	2	0.5
cl60_727	O8/O9/O9a	1	2	0.5
cl60_729	O116	5	5	1
cl60_730	O138	11	11	1
cl60_733	O168	19	19	1
cl60_734	Escherichia_coli-KX11	1	3	0.333333
cl60_734	Escherichia_coli-KX42	1	3	0.333333
cl60_734	O170	1	3	0.333333
cl60_738	Escherichia_coli-KX09	1	28	0.0357143
cl60_738	O102	24	28	0.857143
cl60_738	O25	1	28	0.0357143
cl60_738	O45	1	28	0.0357143
cl60_738	O55	1	28	0.0357143
cl60_738	O8/O9/O9a	1	28	0.0357143
cl60_739	Escherichia_coli-KX03	1	24	0.0416667
cl60_739	Escherichia_coli-KX21	1	24	0.0416667
cl60_739	Escherichia_coli-KX22	1	24	0.0416667
cl60_739	Escherichia_coli-KX31	3	24	0.125
cl60_739	Escherichia_coli-KX37	1	24	0.0416667
cl60_739	Escherichia_coli-KX41	1	24	0.0416667
cl60_739	Escherichia_coli-KX42	3	24	0.125
cl60_739	Escherichia_coli-KX48	1	24	0.0416667
cl60_739	O153/O178	22	24	0.916667
cl60_739	O78	1	24	0.0416667
cl60_73	Escherichia_coli-KX11	5	5	1
cl60_73	O107/O117	2	5	0.4
cl60_73	O126	1	5	0.2
cl60_73	O17/O44/O73/O77/O106	1	5	0.2
cl60_73	O7	1	5	0.2
cl60_743	Escherichia_coli-KX11	34	48	0.708333
cl60_743	Escherichia_coli-KX42	13	48	0.270833
cl60_743	O21	12	48	0.25
cl60_743	O75	12	48	0.25
cl60_743	O83	8	48	0.166667
cl60_743	O86/O90/O127	1	48	0.0208333
cl60_743	O88	2	48	0.0416667
cl60_744	O141/O141ab/O141ac	15	16	0.9375
cl60_744	O15	1	16	0.0625
cl60_746	Escherichia_coli-KX42	1	8	0.125
cl60_746	O35	8	8	1
cl60_747	O45	2	37	0.0540541
cl60_747	O80	35	37	0.945946
cl60_748	Escherichia_coli-KX16	30	32	0.9375
cl60_748	O102	3	32	0.09375
cl60_748	O1	4	32	0.125
cl60_748	O153/O178	1	32	0.03125
cl60_748	O21	8	32	0.25
cl60_748	O2/O50	2	32	0.0625
cl60_748	O45	8	32	0.25
cl60_748	O7	1	32	0.03125
cl60_748	O86/O90/O127	1	32	0.03125
cl60_74	K60	1	1	1
cl60_752	O18/O18ab/O18ac	3	3	1
cl60_754	Escherichia_coli-KX03	7	25	0.28
cl60_754	Escherichia_coli-KX17	1	25	0.04
cl60_754	Escherichia_coli-KX42	5	25	0.2
cl60_754	Escherichia_coli-KX69	1	25	0.04
cl60_754	O107/O117	19	25	0.76
cl60_755	O141/O141ab/O141ac	1	1	1
cl60_756	O4	2	2	1
cl60_756	O8/O9/O9a	1	2	0.5
cl60_759	Escherichia_coli-KX42	1	1	1
cl60_759	O15	1	1	1
cl60_75	O107/O117	1	8	0.125
cl60_75	O13/O129/O135	1	8	0.125
cl60_75	O21	1	8	0.125
cl60_75	O5	4	8	0.5
cl60_75	O6	1	8	0.125
cl60_761	O159	1	1	1
cl60_763	O3	1	1	1
cl60_765	O19	1	1	1
cl60_766	Escherichia_coli-KX02	1	44	0.0227273
cl60_766	Escherichia_coli-KX11	1	44	0.0227273
cl60_766	Escherichia_coli-KX42	2	44	0.0454545
cl60_766	Escherichia_coli-KX54	2	44	0.0454545
cl60_766	O113	43	44	0.977273
cl60_766	O8/O9/O9a	1	44	0.0227273
cl60_767	O15	1	34	0.0294118
cl60_767	O8/O9/O9a	33	34	0.970588
cl60_768	O110	22	23	0.956522
cl60_768	O21	1	23	0.0434783
cl60_772	O136	29	29	1
cl60_774	58	3	121	0.0247934
cl60_774	O103	110	121	0.909091
cl60_774	O1	1	121	0.00826446
cl60_774	O111	2	121	0.0165289
cl60_774	O118/O151	2	121	0.0165289
cl60_774	O123/O186	4	121	0.0330579
cl60_774	O153/O178	1	121	0.00826446
cl60_774	O71	1	121	0.00826446
cl60_776	O112	1	3	0.333333
cl60_776	O174	1	3	0.333333
cl60_776	O76	1	3	0.333333
cl60_777	O1	2	17	0.117647
cl60_777	O17/O44/O73/O77/O106	15	17	0.882353
cl60_778	O180	1	16	0.0625
cl60_778	O36	15	16	0.9375
cl60_779	O66	1	1	1
cl60_77	Escherichia_coli-KX16	24	27	0.888889
cl60_77	O102	2	27	0.0740741
cl60_77	O10	3	27	0.111111
cl60_77	O11	1	27	0.037037
cl60_77	O1	5	27	0.185185
cl60_77	O184	1	27	0.037037
cl60_77	O21	3	27	0.111111
cl60_77	O2/O50	6	27	0.222222
cl60_77	O45	4	27	0.148148
cl60_781	O32	1	5	0.2
cl60_781	O8/O9/O9a	5	5	1
cl60_784	K47	1	1	1
cl60_784	O89/O101/O162	1	1	1
cl60_788	Escherichia_coli-KX41	73	93	0.784946
cl60_788	Escherichia_coli-KX42	18	93	0.193548
cl60_788	O107/O117	1	93	0.0107527
cl60_788	O153/O178	8	93	0.0860215
cl60_788	O16	7	93	0.0752688
cl60_788	O176	1	93	0.0107527
cl60_788	O17/O44/O73/O77/O106	1	93	0.0107527
cl60_788	O21	1	93	0.0107527
cl60_788	O25	28	93	0.301075
cl60_788	O3	4	93	0.0430108
cl60_788	O4	10	93	0.107527
cl60_788	O6	16	93	0.172043
cl60_788	O7	2	93	0.0215054
cl60_788	O75	3	93	0.0322581
cl60_788	O83	1	93	0.0107527
cl60_788	O86/O90/O127	2	93	0.0215054
cl60_794	58	1	40	0.025
cl60_794	Escherichia_coli-KX11	1	40	0.025
cl60_794	O123/O186	1	40	0.025
cl60_794	O15	39	40	0.975
cl60_797	O169/O183	2	22	0.0909091
cl60_797	O30	14	22	0.636364
cl60_797	O8/O9/O9a	19	22	0.863636
cl60_798	O8/O9/O9a	4	4	1
cl60_801	O100	1	61	0.0163934
cl60_801	O115	1	61	0.0163934
cl60_801	O145	2	61	0.0327869
cl60_801	O149	1	61	0.0163934
cl60_801	O163	1	61	0.0163934
cl60_801	O29	1	61	0.0163934
cl60_801	O78	54	61	0.885246
cl60_801	O8/O9/O9a	1	61	0.0163934
cl60_805	O153/O178	1	3	0.333333
cl60_805	O63	2	3	0.666667
cl60_806	O102	1	51	0.0196078
cl60_806	O109	1	51	0.0196078
cl60_806	O55	1	51	0.0196078
cl60_806	O76	45	51	0.882353
cl60_806	O78	1	51	0.0196078
cl60_806	O8/O9/O9a	3	51	0.0588235
cl60_808	O76	1	13	0.0769231
cl60_808	O8/O9/O9a	13	13	1
cl60_809	O133	9	10	0.9
cl60_809	O8/O9/O9a	2	10	0.2
cl60_810	O128ab/O128ac/O128	53	58	0.913793
cl60_810	O45	4	58	0.0689655
cl60_810	O8/O9/O9a	1	58	0.0172414
cl60_813	Shigella-B2	8	8	1
cl60_815	O141/O141ab/O141ac	1	7	0.142857
cl60_815	O145	1	7	0.142857
cl60_815	O21	1	7	0.142857
cl60_815	O2/O50	1	7	0.142857
cl60_815	O51	1	7	0.142857
cl60_815	O85	1	7	0.142857
cl60_815	O91	1	7	0.142857
cl60_81	K127	1	1	1
cl60_81	O8/O9/O9a	1	1	1
cl60_820	K25	1	1	1
cl60_820	O8/O9/O9a	1	1	1
cl60_823	Escherichia_coli-KX03	1	3	0.333333
cl60_823	O1	1	3	0.333333
cl60_823	O133	2	3	0.666667
cl60_824	O114	8	17	0.470588
cl60_824	O32	1	17	0.0588235
cl60_824	O5	7	17	0.411765
cl60_824	O78	1	17	0.0588235
cl60_826	O69	9	9	1
cl60_828	O4	1	1	1
cl60_829	Escherichia_coli-KX03	1	2	0.5
cl60_829	Escherichia_coli-KX42	1	2	0.5
cl60_829	O75	2	2	1
cl60_82	K47	9	10	0.9
cl60_82	O89/O101/O162	8	10	0.8
cl60_82	O8/O9/O9a	1	10	0.1
cl60_830	O103	1	1	1
cl60_834	Escherichia_coli-KX42	2	3	0.666667
cl60_834	O89/O101/O162	1	3	0.333333
cl60_836	O171	13	16	0.8125
cl60_836	O53	1	16	0.0625
cl60_836	O79	1	16	0.0625
cl60_836	O96	1	16	0.0625
cl60_837	O114	17	17	1
cl60_838	O138	3	26	0.115385
cl60_838	O147	1	26	0.0384615
cl60_838	O149	21	26	0.807692
cl60_838	O6	1	26	0.0384615
cl60_838	O71	1	26	0.0384615
cl60_841	O86/O90/O127	3	3	1
cl60_844	K20	1	26	0.0384615
cl60_844	K57	3	26	0.115385
cl60_844	K63	1	26	0.0384615
cl60_844	O126	1	26	0.0384615
cl60_844	O182	1	26	0.0384615
cl60_844	O89/O101/O162	1	26	0.0384615
cl60_844	O8/O9/O9a	19	26	0.730769
cl60_844	Shigella-D10	17	26	0.653846
cl60_847	Escherichia_coli-KX02	1	47	0.0212766
cl60_847	Escherichia_coli-KX03	3	47	0.0638298
cl60_847	Escherichia_coli-KX11	2	47	0.0425532
cl60_847	Escherichia_coli-KX15	1	47	0.0212766
cl60_847	Escherichia_coli-KX19	1	47	0.0212766
cl60_847	Escherichia_coli-KX21	1	47	0.0212766
cl60_847	Escherichia_coli-KX29	2	47	0.0425532
cl60_847	Escherichia_coli-KX30	1	47	0.0212766
cl60_847	Escherichia_coli-KX31	1	47	0.0212766
cl60_847	Escherichia_coli-KX37	1	47	0.0212766
cl60_847	Escherichia_coli-KX38	1	47	0.0212766
cl60_847	Escherichia_coli-KX39	2	47	0.0425532
cl60_847	Escherichia_coli-KX40	2	47	0.0425532
cl60_847	Escherichia_coli-KX41	1	47	0.0212766
cl60_847	Escherichia_coli-KX42	6	47	0.12766
cl60_847	Escherichia_coli-KX46	3	47	0.0638298
cl60_847	Escherichia_coli-KX48	1	47	0.0212766
cl60_847	O102	2	47	0.0425532
cl60_847	O176	5	47	0.106383
cl60_847	O17/O44/O73/O77/O106	39	47	0.829787
cl60_848	O116	23	25	0.92
cl60_848	O155	1	25	0.04
cl60_848	O89/O101/O162	1	25	0.04
cl60_849	Escherichia_coli-KX05	1	20	0.05
cl60_849	O176	20	20	1
cl60_84	O26	34	34	1
cl60_850	Escherichia_coli-KX19	1	12	0.0833333
cl60_850	O89/O101/O162	1	12	0.0833333
cl60_850	Shigella-B9	12	12	1
cl60_852	O34	7	7	1
cl60_856	O62/O68	13	15	0.866667
cl60_856	O81	1	15	0.0666667
cl60_856	O99	1	15	0.0666667
cl60_857	O145	11	11	1
cl60_858	O23	1	13	0.0769231
cl60_858	O24/O56/O157	1	13	0.0769231
cl60_858	O58	11	13	0.846154
cl60_860	O20/O137	6	7	0.857143
cl60_860	O8/O9/O9a	1	7	0.142857
cl60_861	Escherichia_coli-KX69	1	15	0.0666667
cl60_861	O104	1	15	0.0666667
cl60_861	O105	4	15	0.266667
cl60_861	O13/O129/O135	2	15	0.133333
cl60_861	O154	1	15	0.0666667
cl60_861	O159	1	15	0.0666667
cl60_861	O166	1	15	0.0666667
cl60_861	O174	1	15	0.0666667
cl60_861	O21	1	15	0.0666667
cl60_861	O7	1	15	0.0666667
cl60_861	O87	1	15	0.0666667
cl60_861	O89/O101/O162	1	15	0.0666667
cl60_865	O153/O178	1	30	0.0333333
cl60_865	O87	29	30	0.966667
cl60_867	Escherichia_coli-KX05	1	1	1
cl60_867	O16	1	1	1
cl60_868	O131	1	3	0.333333
cl60_868	O8/O9/O9a	2	3	0.666667
cl60_870	Escherichia_coli-KX21	1	1	1
cl60_873	O132	1	1	1
cl60_876	Escherichia_coli-KX03	1	1	1
cl60_876	O2/O50	1	1	1
cl60_879	O2/O50	8	8	1
cl60_87	Escherichia_coli-K11	9	18	0.5
cl60_87	O1	1	18	0.0555556
cl60_87	O11	1	18	0.0555556
cl60_87	O125ab/O125ac/O125	1	18	0.0555556
cl60_87	O13/O129/O135	3	18	0.166667
cl60_87	O21	5	18	0.277778
cl60_87	O25	1	18	0.0555556
cl60_87	O45	1	18	0.0555556
cl60_87	O5	1	18	0.0555556
cl60_87	O86/O90/O127	2	18	0.111111
cl60_87	O88	2	18	0.111111
cl60_880	Escherichia_coli-KX03	1	15	0.0666667
cl60_880	Escherichia_coli-KX09	1	15	0.0666667
cl60_880	Escherichia_coli-KX11	1	15	0.0666667
cl60_880	Escherichia_coli-KX16	1	15	0.0666667
cl60_880	Escherichia_coli-KX42	2	15	0.133333
cl60_880	Escherichia_coli-KX47	2	15	0.133333
cl60_880	O120	15	15	1
cl60_883	O89/O101/O162	1	1	1
cl60_884	O29	2	2	1
cl60_885	O53	8	8	1
cl60_888	Escherichia_coli-KX21	2	7	0.285714
cl60_888	Escherichia_coli-KX29	1	7	0.142857
cl60_888	Escherichia_coli-KX34	1	7	0.142857
cl60_888	O25	7	7	1
cl60_889	O25	1	14	0.0714286
cl60_889	O29	13	14	0.928571
cl60_88	O8/O9/O9a	1	1	1
cl60_890	O104	31	37	0.837838
cl60_890	O181	1	37	0.027027
cl60_890	O8/O9/O9a	11	37	0.297297
cl60_891	O29	45	45	1
cl60_893	Escherichia_coli-KX42	10	51	0.196078
cl60_893	O11	2	51	0.0392157
cl60_893	O1	3	51	0.0588235
cl60_893	O146	2	51	0.0392157
cl60_893	O15	2	51	0.0392157
cl60_893	O152	3	51	0.0588235
cl60_893	O153/O178	1	51	0.0196078
cl60_893	O17/O44/O73/O77/O106	4	51	0.0784314
cl60_893	O20/O137	2	51	0.0392157
cl60_893	O23	10	51	0.196078
cl60_893	O43	3	51	0.0588235
cl60_893	O7	6	51	0.117647
cl60_893	O76	5	51	0.0980392
cl60_893	O83	2	51	0.0392157
cl60_893	O88	5	51	0.0980392
cl60_893	O8/O9/O9a	1	51	0.0196078
cl60_895	Escherichia_coli-KX16	3	18	0.166667
cl60_895	O176	1	18	0.0555556
cl60_895	O17/O44/O73/O77/O106	17	18	0.944444
cl60_897	Escherichia_coli-KX29	2	78	0.025641
cl60_897	Escherichia_coli-KX30	1	78	0.0128205
cl60_897	Escherichia_coli-KX31	3	78	0.0384615
cl60_897	O24/O56/O157	1	78	0.0128205
cl60_897	O81	77	78	0.987179
cl60_898	K57	3	3	1
cl60_898	O89/O101/O162	2	3	0.666667
cl60_898	O8/O9/O9a	1	3	0.333333
cl60_89	O185	28	28	1
cl60_8	K13	1	3	0.333333
cl60_8	O8/O9/O9a	3	3	1
cl60_900	Escherichia_coli-KX05	1	67	0.0149254
cl60_900	O111	66	67	0.985075
cl60_900	O148	1	67	0.0149254
cl60_900	O23	1	67	0.0149254
cl60_903	O32	1	5	0.2
cl60_903	O5	4	5	0.8
cl60_905	O148	1	1	1
cl60_909	Escherichia_coli-KX02	1	3	0.333333
cl60_909	O88	3	3	1
cl60_910	O115	1	18	0.0555556
cl60_910	O65	1	18	0.0555556
cl60_910	O70	15	18	0.833333
cl60_910	O81	1	18	0.0555556
cl60_911	O53	4	4	1
cl60_913	O53	2	2	1
cl60_916	Escherichia_coli-KX29	3	36	0.0833333
cl60_916	Escherichia_coli-KX30	1	36	0.0277778
cl60_916	Escherichia_coli-KX42	1	36	0.0277778
cl60_916	Escherichia_coli-KX74	1	36	0.0277778
cl60_916	Escherichia_coli-KX75	4	36	0.111111
cl60_916	O1	1	36	0.0277778
cl60_916	O149	1	36	0.0277778
cl60_916	O153/O178	1	36	0.0277778
cl60_916	O15	5	36	0.138889
cl60_916	O17/O44/O73/O77/O106	1	36	0.0277778
cl60_916	O21	1	36	0.0277778
cl60_916	O25	2	36	0.0555556
cl60_916	O4	12	36	0.333333
cl60_916	O6	11	36	0.305556
cl60_917	O121	1	18	0.0555556
cl60_917	O154	1	18	0.0555556
cl60_917	O49	14	18	0.777778
cl60_917	O51	1	18	0.0555556
cl60_917	O78	1	18	0.0555556
cl60_919	Escherichia_coli-KX42	1	2	0.5
cl60_919	O2/O50	2	2	1
cl60_91	K123	2	6	0.333333
cl60_91	K60	1	6	0.166667
cl60_91	O89/O101/O162	3	6	0.5
cl60_91	O8/O9/O9a	1	6	0.166667
cl60_920	Escherichia_coli-KX39	1	1	1
cl60_920	O25	1	1	1
cl60_922	O7	1	37	0.027027
cl60_922	O8/O9/O9a	37	37	1
cl60_923	O154	2	5	0.4
cl60_923	O21	1	5	0.2
cl60_923	O51	2	5	0.4
cl60_924	Escherichia_coli-KX03	1	1	1
cl60_924	O1	1	1	1
cl60_925	Escherichia_coli-KX36	3	9	0.333333
cl60_925	Escherichia_coli-KX42	3	9	0.333333
cl60_925	O139	6	9	0.666667
cl60_927	O166	1	1	1
cl60_928	O38	1	1	1
cl60_929	O70	6	6	1
cl60_932	O124/O164	1	18	0.0555556
cl60_932	O25	16	18	0.888889
cl60_932	O8/O9/O9a	1	18	0.0555556
cl60_934	Escherichia_coli-KX68	6	10	0.6
cl60_934	O18/O18ab/O18ac	6	10	0.6
cl60_934	O21	1	10	0.1
cl60_934	O25	1	10	0.1
cl60_934	O4	2	10	0.2
cl60_934	O8/O9/O9a	1	10	0.1
cl60_936	O111	1	24	0.0416667
cl60_936	O184	4	24	0.166667
cl60_936	O23	1	24	0.0416667
cl60_936	O36	18	24	0.75
cl60_937	O85	7	7	1
cl60_941	O29	1	1	1
cl60_942	Escherichia_coli-KX42	2	27	0.0740741
cl60_942	O3	25	27	0.925926
cl60_942	O88	1	27	0.037037
cl60_942	O8/O9/O9a	1	27	0.037037
cl60_944	O160	2	2	1
cl60_945	O140	26	27	0.962963
cl60_945	O8/O9/O9a	1	27	0.037037
cl60_947	Escherichia_coli-KX11	1	28	0.0357143
cl60_947	O118/O151	1	28	0.0357143
cl60_947	O132	1	28	0.0357143
cl60_947	O60	1	28	0.0357143
cl60_947	O75	25	28	0.892857
cl60_949	O104	1	24	0.0416667
cl60_949	O125ab/O125ac/O125	20	24	0.833333
cl60_949	O132	1	24	0.0416667
cl60_949	O166	2	24	0.0833333
cl60_949	O71	1	24	0.0416667
cl60_950	O146	11	11	1
cl60_951	O85	8	8	1
cl60_953	O38	18	18	1
cl60_955	Escherichia_coli-KX02	1	16	0.0625
cl60_955	Escherichia_coli-KX16	1	16	0.0625
cl60_955	O107/O117	1	16	0.0625
cl60_955	O16	14	16	0.875
cl60_955	O86/O90/O127	2	16	0.125
cl60_956	Escherichia_coli-KX20	2	14	0.142857
cl60_956	Escherichia_coli-KX42	3	14	0.214286
cl60_956	O2/O50	12	14	0.857143
cl60_958	Escherichia_coli-KX40	1	2	0.5
cl60_958	O17/O44/O73/O77/O106	1	2	0.5
cl60_958	O45	1	2	0.5
cl60_959	O8/O9/O9a	3	3	1
cl60_95	Escherichia_coli-K96	1	200	0.005
cl60_95	Escherichia_coli-KX02	173	200	0.865
cl60_95	Escherichia_coli-KX03	1	200	0.005
cl60_95	Escherichia_coli-KX22	2	200	0.01
cl60_95	Escherichia_coli-KX42	18	200	0.09
cl60_95	Escherichia_coli-KX75	1	200	0.005
cl60_95	O10	1	200	0.005
cl60_95	O102	5	200	0.025
cl60_95	O107/O117	6	200	0.03
cl60_95	O11	26	200	0.13
cl60_95	O1	4	200	0.02
cl60_95	O150	1	200	0.005
cl60_95	O15	11	200	0.055
cl60_95	O153/O178	4	200	0.02
cl60_95	O154	1	200	0.005
cl60_95	O166	1	200	0.005
cl60_95	O17/O44/O73/O77/O106	21	200	0.105
cl60_95	O21	1	200	0.005
cl60_95	O22	1	200	0.005
cl60_95	O23	1	200	0.005
cl60_95	O25	4	200	0.02
cl60_95	O2/O50	1	200	0.005
cl60_95	O3	2	200	0.01
cl60_95	O4	30	200	0.15
cl60_95	O45	6	200	0.03
cl60_95	O5	1	200	0.005
cl60_95	O51	1	200	0.005
cl60_95	O6	40	200	0.2
cl60_95	O7	1	200	0.005
cl60_95	O83	1	200	0.005
cl60_95	O86/O90/O127	1	200	0.005
cl60_95	O88	1	200	0.005
cl60_960	O8/O9/O9a	1	1	1
cl60_961	O1	2	2	1
cl60_963	O166	20	20	1
cl60_964	Escherichia_coli-KX47	2	60	0.0333333
cl60_964	K63	1	60	0.0166667
cl60_964	O104	1	60	0.0166667
cl60_964	O109	57	60	0.95
cl60_964	O116	1	60	0.0166667
cl60_964	O5	1	60	0.0166667
cl60_964	O8/O9/O9a	2	60	0.0333333
cl60_965	Escherichia_coli-KX05	1	16	0.0625
cl60_965	Escherichia_coli-KX16	3	16	0.1875
cl60_965	O150	16	16	1
cl60_966	O13/O129/O135	1	1	1
cl60_971	O150	7	7	1
cl60_972	O116	1	1	1
cl60_973	O8/O9/O9a	5	15	0.333333
cl60_973	Shigella-B18	13	15	0.866667
cl60_977	O118/O151	1	2	0.5
cl60_977	O39	1	2	0.5
cl60_981	Escherichia_coli-KX05	4	40	0.1
cl60_981	Escherichia_coli-KX16	1	40	0.025
cl60_981	Escherichia_coli-KX25	1	40	0.025
cl60_981	Escherichia_coli-KX37	1	40	0.025
cl60_981	Escherichia_coli-KX42	1	40	0.025
cl60_981	O16	39	40	0.975
cl60_981	O17/O44/O73/O77/O106	1	40	0.025
cl60_982	O51	1	1	1
cl60_983	O108	29	41	0.707317
cl60_983	O147	3	41	0.0731707
cl60_983	O28	2	41	0.0487805
cl60_983	O84	1	41	0.0243902
cl60_983	O88	2	41	0.0487805
cl60_983	OX18	4	41	0.097561
cl60_985	O23	1	3	0.333333
cl60_985	O62/O68	1	3	0.333333
cl60_985	O8/O9/O9a	1	3	0.333333
cl60_986	K114	1	1	1
cl60_986	O89/O101/O162	1	1	1
cl60_988	O38	8	8	1
cl60_992	O69	1	1	1
cl60_994	O146	4	4	1
cl60_996	O132	1	8	0.125
cl60_996	O53	7	8	0.875
cl60_999	Escherichia_coli-KX02	1	23	0.0434783
cl60_999	Escherichia_coli-KX13	21	23	0.913043
cl60_999	Escherichia_coli-KX42	1	23	0.0434783
cl60_999	O25	4	23	0.173913
cl60_999	O36	3	23	0.130435
cl60_999	O6	1	23	0.0434783
cl60_999	O62/O68	1	23	0.0434783
cl60_999	O7	7	23	0.304348
cl60_999	O86/O90/O127	2	23	0.0869565
