cl60_0	K127	15	100	0.15
cl60_0	K139	1	100	0.01
cl60_0	K153	1	100	0.01
cl60_0	K159	6	100	0.06
cl60_0	K174	1	100	0.01
cl60_0	K182	3	100	0.03
cl60_0	K38	1	100	0.01
cl60_0	K42	2	100	0.02
cl60_0	K51	1	100	0.01
cl60_0	K56	2	100	0.02
cl60_0	K62	49	100	0.49
cl60_0	K70	1	100	0.01
cl60_0	O101	26	100	0.26
cl60_0	O103	2	100	0.02
cl60_0	O1	23	100	0.23
cl60_0	O12	5	100	0.05
cl60_0	O2a	38	100	0.38
cl60_0	O2afg	1	100	0.01
cl60_0	O3b	2	100	0.02
cl60_0	O4	3	100	0.03
cl60_1000	O4	1	1	1
cl60_1004	K64	1	1	1
cl60_1004	O2a	1	1	1
cl60_1017	K72	3	3	1
cl60_1017	O2a	2	3	0.666667
cl60_1017	O2ac	1	3	0.333333
cl60_1019	K153	1	1	1
cl60_1019	O2afg	1	1	1
cl60_101	K64	1	1	1
cl60_101	O2a	1	1	1
cl60_1022	K61	1	1	1
cl60_1022	O1	1	1	1
cl60_1023	K81	1	1	1
cl60_1023	O101	1	1	1
cl60_1027	K24	1	2	0.5
cl60_1027	O2a	2	2	1
cl60_1029	K177	1	1	1
cl60_1029	O3/O3a	1	1	1
cl60_1034	K110	1	1	1
cl60_1034	O1	1	1	1
cl60_1050	K2	2	4	0.5
cl60_1050	K5	1	4	0.25
cl60_1050	O1	2	4	0.5
cl60_1050	O2afg	1	4	0.25
cl60_1051	K168	1	2	0.5
cl60_1051	K186	1	2	0.5
cl60_1051	O2a	1	2	0.5
cl60_1051	O3b	1	2	0.5
cl60_1054	K177	1	1	1
cl60_1054	O3/O3a	1	1	1
cl60_1059	K169	2	2	1
cl60_1059	O104	2	2	1
cl60_1064	K105	1	1	1
cl60_1064	O5	1	1	1
cl60_1065	K3	1	1	1
cl60_1065	O2afg	1	1	1
cl60_1068	O2a	1	1	1
cl60_1073	K25	15	25	0.6
cl60_1073	O1	7	25	0.28
cl60_1073	O2a	1	25	0.04
cl60_1073	O2afg	3	25	0.12
cl60_1073	O3/O3a	2	25	0.08
cl60_1073	O5	12	25	0.48
cl60_1075	K177	1	1	1
cl60_1075	O3/O3a	1	1	1
cl60_1080	K10	4	105	0.0380952
cl60_1080	K110	1	105	0.00952381
cl60_1080	K112	1	105	0.00952381
cl60_1080	K136	2	105	0.0190476
cl60_1080	K151	1	105	0.00952381
cl60_1080	K174	1	105	0.00952381
cl60_1080	K182	2	105	0.0190476
cl60_1080	K2	2	105	0.0190476
cl60_1080	K25	54	105	0.514286
cl60_1080	K43	1	105	0.00952381
cl60_1080	K48	1	105	0.00952381
cl60_1080	K55	1	105	0.00952381
cl60_1080	K60	1	105	0.00952381
cl60_1080	K81	1	105	0.00952381
cl60_1080	O103	1	105	0.00952381
cl60_1080	O12	1	105	0.00952381
cl60_1080	O1	32	105	0.304762
cl60_1080	O2a	8	105	0.0761905
cl60_1080	O2afg	6	105	0.0571429
cl60_1080	O3b	6	105	0.0571429
cl60_1080	O3/O3a	4	105	0.0380952
cl60_1080	O4	1	105	0.00952381
cl60_1080	O5	46	105	0.438095
cl60_1081	K45	1	1	1
cl60_1081	O4	1	1	1
cl60_1083	K64	1	1	1
cl60_1083	O2a	1	1	1
cl60_1086	O2afg	1	1	1
cl60_1089	O1	1	1	1
cl60_108	K173	2	41	0.0487805
cl60_108	K3	30	41	0.731707
cl60_108	O1	17	41	0.414634
cl60_108	O12	3	41	0.0731707
cl60_108	O2ac	2	41	0.0487805
cl60_108	O2afg	19	41	0.463415
cl60_1091	K109	1	1	1
cl60_1091	O2afg	1	1	1
cl60_1093	K42	2	3	0.666667
cl60_1093	O101	1	3	0.333333
cl60_1095	K110	1	1	1
cl60_1095	O2a	1	1	1
cl60_1096	K15	8	9	0.888889
cl60_1096	O4	8	9	0.888889
cl60_1096	O5	1	9	0.111111
cl60_10	K102	2	2	1
cl60_10	O2a	1	2	0.5
cl60_10	O2afg	1	2	0.5
cl60_1102	K64	1	1	1
cl60_1102	O2a	1	1	1
cl60_1103	O3/O3a	2	2	1
cl60_1104	O3/O3a	1	1	1
cl60_1105	K10	1	35	0.0285714
cl60_1105	K105	2	35	0.0571429
cl60_1105	K106	1	35	0.0285714
cl60_1105	K149	2	35	0.0571429
cl60_1105	K23	1	35	0.0285714
cl60_1105	K71	3	35	0.0857143
cl60_1105	K9	21	35	0.6
cl60_1105	O1	5	35	0.142857
cl60_1105	O2afg	17	35	0.485714
cl60_1105	O3b	7	35	0.2
cl60_1105	O3/O3a	3	35	0.0857143
cl60_1105	O4	3	35	0.0857143
cl60_1106	K47	1	4	0.25
cl60_1106	O101	1	4	0.25
cl60_1106	O1	2	4	0.5
cl60_1106	O2afg	1	4	0.25
cl60_1108	K136	3	75	0.04
cl60_1108	K15	58	75	0.773333
cl60_1108	K25	1	75	0.0133333
cl60_1108	K30	2	75	0.0266667
cl60_1108	O1	3	75	0.04
cl60_1108	O2afg	4	75	0.0533333
cl60_1108	O4	62	75	0.826667
cl60_1108	O5	6	75	0.08
cl60_1112	K34	7	8	0.875
cl60_1112	O1	3	8	0.375
cl60_1112	O2afg	1	8	0.125
cl60_1112	O5	4	8	0.5
cl60_1113	O3/O3a	2	3	0.666667
cl60_1113	O5	1	3	0.333333
cl60_1119	K180	1	1	1
cl60_111	K10	1	84	0.0119048
cl60_111	K107	4	84	0.047619
cl60_111	K111	1	84	0.0119048
cl60_111	K118	1	84	0.0119048
cl60_111	K127	1	84	0.0119048
cl60_111	K130	1	84	0.0119048
cl60_111	K13	2	84	0.0238095
cl60_111	K134	1	84	0.0119048
cl60_111	K142	1	84	0.0119048
cl60_111	K166	1	84	0.0119048
cl60_111	K17	1	84	0.0119048
cl60_111	K20	1	84	0.0119048
cl60_111	K23	4	84	0.047619
cl60_111	K24	1	84	0.0119048
cl60_111	K27	1	84	0.0119048
cl60_111	K28	1	84	0.0119048
cl60_111	K31	1	84	0.0119048
cl60_111	K34	23	84	0.27381
cl60_111	K46	2	84	0.0238095
cl60_111	K48	1	84	0.0119048
cl60_111	K5	1	84	0.0119048
cl60_111	K53	2	84	0.0238095
cl60_111	K54	3	84	0.0357143
cl60_111	K55	1	84	0.0119048
cl60_111	K57	1	84	0.0119048
cl60_111	K60	10	84	0.119048
cl60_111	K64	1	84	0.0119048
cl60_111	K67	1	84	0.0119048
cl60_111	K7	1	84	0.0119048
cl60_111	K9	1	84	0.0119048
cl60_111	O101	3	84	0.0357143
cl60_111	O104	3	84	0.0357143
cl60_111	O1	11	84	0.130952
cl60_111	O2a	9	84	0.107143
cl60_111	O2afg	12	84	0.142857
cl60_111	O3b	6	84	0.0714286
cl60_111	O3/O3a	19	84	0.22619
cl60_111	O4	2	84	0.0238095
cl60_111	O5	18	84	0.214286
cl60_1120	K62	1	1	1
cl60_1120	O2a	1	1	1
cl60_1121	K45	10	13	0.769231
cl60_1121	O1	7	13	0.538462
cl60_1121	O2a	1	13	0.0769231
cl60_1121	O2ac	2	13	0.153846
cl60_1121	O2afg	1	13	0.0769231
cl60_1121	O4	2	13	0.153846
cl60_1122	K45	4	4	1
cl60_1122	O1	3	4	0.75
cl60_1122	O3/O3a	1	4	0.25
cl60_1126	K81	7	8	0.875
cl60_1126	O101	5	8	0.625
cl60_1126	O1	2	8	0.25
cl60_1127	O3/O3a	2	2	1
cl60_1128	K3	8	8	1
cl60_1128	O1	5	8	0.625
cl60_1128	O2afg	2	8	0.25
cl60_1128	O3/O3a	1	8	0.125
cl60_1129	K159	1	2	0.5
cl60_1129	O101	2	2	1
cl60_112	K115	13	27	0.481481
cl60_112	K130	1	27	0.037037
cl60_112	K17	10	27	0.37037
cl60_112	O1	1	27	0.037037
cl60_112	O3b	13	27	0.481481
cl60_112	O4	6	27	0.222222
cl60_112	O5	7	27	0.259259
cl60_1130	K117	1	2	0.5
cl60_1130	K3	1	2	0.5
cl60_1130	O1	1	2	0.5
cl60_1130	O2afg	1	2	0.5
cl60_1131	K128	1	1	1
cl60_1131	O3b	1	1	1
cl60_1137	K117	16	22	0.727273
cl60_1137	O1	13	22	0.590909
cl60_1137	O2afg	9	22	0.409091
cl60_1140	O104	2	15	0.133333
cl60_1140	O3b	1	15	0.0666667
cl60_1140	O3/O3a	4	15	0.266667
cl60_1140	O4	5	15	0.333333
cl60_1140	O5	3	15	0.2
cl60_1144	K128	19	19	1
cl60_1144	O103	1	19	0.0526316
cl60_1144	O3b	12	19	0.631579
cl60_1144	O3/O3a	6	19	0.315789
cl60_1149	K104	2	201	0.00995025
cl60_1149	K108	7	201	0.0348259
cl60_1149	K113	8	201	0.039801
cl60_1149	K114	21	201	0.104478
cl60_1149	K121	3	201	0.0149254
cl60_1149	K16	4	201	0.0199005
cl60_1149	K1	7	201	0.0348259
cl60_1149	K2	2	201	0.00995025
cl60_1149	K30	1	201	0.00497512
cl60_1149	K45	1	201	0.00497512
cl60_1149	K54	10	201	0.0497512
cl60_1149	K58	2	201	0.00995025
cl60_1149	K6	3	201	0.0149254
cl60_1149	K63	95	201	0.472637
cl60_1149	O104	3	201	0.0149254
cl60_1149	O1	134	201	0.666667
cl60_1149	O12	2	201	0.00995025
cl60_1149	O2a	9	201	0.0447761
cl60_1149	O2afg	9	201	0.0447761
cl60_1149	O3b	8	201	0.039801
cl60_1149	O3/O3a	19	201	0.0945274
cl60_1149	O5	17	201	0.0845771
cl60_1151	K148	1	1	1
cl60_1151	O1	1	1	1
cl60_1153	K128	21	24	0.875
cl60_1153	O103	4	24	0.166667
cl60_1153	O104	1	24	0.0416667
cl60_1153	O3b	19	24	0.791667
cl60_1154	K177	1	1	1
cl60_1154	O3/O3a	1	1	1
cl60_1155	K64	1	1	1
cl60_1155	O2a	1	1	1
cl60_1157	K17	1	1	1
cl60_1157	O4	1	1	1
cl60_1160	K2	1	1	1
cl60_1160	O1	1	1	1
cl60_1162	K64	1	1	1
cl60_1162	O2a	1	1	1
cl60_1163	O2afg	1	1	1
cl60_1165	O1	1	2	0.5
cl60_1165	O2afg	1	2	0.5
cl60_1166	K102	2	20	0.1
cl60_1166	K114	1	20	0.05
cl60_1166	K116	2	20	0.1
cl60_1166	K124	1	20	0.05
cl60_1166	K139	1	20	0.05
cl60_1166	K151	1	20	0.05
cl60_1166	K15	2	20	0.1
cl60_1166	K23	2	20	0.1
cl60_1166	K3	1	20	0.05
cl60_1166	K62	1	20	0.05
cl60_1166	O101	1	20	0.05
cl60_1166	O103	1	20	0.05
cl60_1166	O1	6	20	0.3
cl60_1166	O2a	2	20	0.1
cl60_1166	O2afg	5	20	0.25
cl60_1166	O3/O3a	2	20	0.1
cl60_1166	O4	3	20	0.15
cl60_1167	O2ac	1	1	1
cl60_116	K103	1	270	0.0037037
cl60_116	K106	5	270	0.0185185
cl60_116	K122	4	270	0.0148148
cl60_116	K14	13	270	0.0481481
cl60_116	K15	1	270	0.0037037
cl60_116	K19	2	270	0.00740741
cl60_116	K2	2	270	0.00740741
cl60_116	K24	4	270	0.0148148
cl60_116	K30	7	270	0.0259259
cl60_116	K3	1	270	0.0037037
cl60_116	K31	2	270	0.00740741
cl60_116	K43	1	270	0.0037037
cl60_116	K51	2	270	0.00740741
cl60_116	K56	1	270	0.0037037
cl60_116	K64	177	270	0.655556
cl60_116	O103	2	270	0.00740741
cl60_116	O104	2	270	0.00740741
cl60_116	O12	3	270	0.0111111
cl60_116	O1	75	270	0.277778
cl60_116	O2a	137	270	0.507407
cl60_116	O2ac	2	270	0.00740741
cl60_116	O2afg	11	270	0.0407407
cl60_116	O3b	6	270	0.0222222
cl60_116	O3/O3a	2	270	0.00740741
cl60_116	O4	2	270	0.00740741
cl60_116	O5	20	270	0.0740741
cl60_117	K180	20	28	0.714286
cl60_117	O103	5	28	0.178571
cl60_117	O1	5	28	0.178571
cl60_117	O3b	2	28	0.0714286
cl60_117	O3/O3a	4	28	0.142857
cl60_117	O4	2	28	0.0714286
cl60_117	O5	7	28	0.25
cl60_1187	K17	1	1	1
cl60_1187	O4	1	1	1
cl60_118	K184	1	1	1
cl60_118	O103	1	1	1
cl60_11	K10	5	47	0.106383
cl60_11	K113	2	47	0.0425532
cl60_11	K126	23	47	0.489362
cl60_11	K131	1	47	0.0212766
cl60_11	K16	4	47	0.0851064
cl60_11	K165	1	47	0.0212766
cl60_11	K5	1	47	0.0212766
cl60_11	O101	15	47	0.319149
cl60_11	O103	10	47	0.212766
cl60_11	O1	11	47	0.234043
cl60_11	O12	4	47	0.0851064
cl60_11	O2a	1	47	0.0212766
cl60_11	O3b	2	47	0.0425532
cl60_11	O4	1	47	0.0212766
cl60_11	O5	3	47	0.0638298
cl60_120	K130	1	67	0.0149254
cl60_120	K183	1	67	0.0149254
cl60_120	K38	1	67	0.0149254
cl60_120	K64	1	67	0.0149254
cl60_120	K81	49	67	0.731343
cl60_120	O101	33	67	0.492537
cl60_120	O103	1	67	0.0149254
cl60_120	O1	24	67	0.358209
cl60_120	O2afg	5	67	0.0746269
cl60_120	O5	1	67	0.0149254
cl60_121	K102	1	72	0.0138889
cl60_121	K126	2	72	0.0277778
cl60_121	K127	47	72	0.652778
cl60_121	K155	1	72	0.0138889
cl60_121	K159	2	72	0.0277778
cl60_121	K171	1	72	0.0138889
cl60_121	K45	1	72	0.0138889
cl60_121	K52	1	72	0.0138889
cl60_121	K67	1	72	0.0138889
cl60_121	O101	54	72	0.75
cl60_121	O102	1	72	0.0138889
cl60_121	O103	11	72	0.152778
cl60_121	O2afg	3	72	0.0416667
cl60_121	O3b	1	72	0.0138889
cl60_122	K64	1	1	1
cl60_122	O2a	1	1	1
cl60_126	K62	1	1	1
cl60_126	O2a	1	1	1
cl60_127	K53	5	5	1
cl60_127	O1	1	5	0.2
cl60_127	O3/O3a	4	5	0.8
cl60_128	K136	4	4	1
cl60_128	O2afg	4	4	1
cl60_129	K24	1	1	1
cl60_129	O1	1	1	1
cl60_131	K140	10	11	0.909091
cl60_131	O1	4	11	0.363636
cl60_131	O2afg	4	11	0.363636
cl60_131	O3b	3	11	0.272727
cl60_137	K62	47	53	0.886792
cl60_137	O1	17	53	0.320755
cl60_137	O2a	32	53	0.603774
cl60_13	K150	5	9	0.555556
cl60_13	K155	2	9	0.222222
cl60_13	O101	2	9	0.222222
cl60_13	O2a	1	9	0.111111
cl60_13	O3b	5	9	0.555556
cl60_141	K102	2	58	0.0344828
cl60_141	K109	1	58	0.0172414
cl60_141	K12	37	58	0.637931
cl60_141	K14	2	58	0.0344828
cl60_141	K142	2	58	0.0344828
cl60_141	K149	1	58	0.0172414
cl60_141	K163	1	58	0.0172414
cl60_141	K31	1	58	0.0172414
cl60_141	K38	1	58	0.0172414
cl60_141	O103	33	58	0.568966
cl60_141	O104	1	58	0.0172414
cl60_141	O1	11	58	0.189655
cl60_141	O2a	3	58	0.0517241
cl60_141	O2afg	2	58	0.0344828
cl60_141	O3b	5	58	0.0862069
cl60_141	O4	1	58	0.0172414
cl60_144	K115	1	6	0.166667
cl60_144	K180	2	6	0.333333
cl60_144	O103	2	6	0.333333
cl60_144	O3b	2	6	0.333333
cl60_144	O3/O3a	1	6	0.166667
cl60_144	O4	1	6	0.166667
cl60_145	K128	1	69	0.0144928
cl60_145	K130	1	69	0.0144928
cl60_145	K135	1	69	0.0144928
cl60_145	K15	1	69	0.0144928
cl60_145	K169	1	69	0.0144928
cl60_145	K17	20	69	0.289855
cl60_145	K53	2	69	0.0289855
cl60_145	K56	5	69	0.0724638
cl60_145	K60	8	69	0.115942
cl60_145	K67	12	69	0.173913
cl60_145	O101	5	69	0.0724638
cl60_145	O102	1	69	0.0144928
cl60_145	O103	21	69	0.304348
cl60_145	O104	3	69	0.0434783
cl60_145	O1	10	69	0.144928
cl60_145	O12	4	69	0.057971
cl60_145	O2afg	1	69	0.0144928
cl60_145	O3/O3a	2	69	0.0289855
cl60_145	O4	10	69	0.144928
cl60_145	O5	12	69	0.173913
cl60_149	K106	1	233	0.00429185
cl60_149	K109	1	233	0.00429185
cl60_149	K115	4	233	0.0171674
cl60_149	K17	161	233	0.690987
cl60_149	K34	1	233	0.00429185
cl60_149	K48	1	233	0.00429185
cl60_149	K60	3	233	0.0128755
cl60_149	K64	3	233	0.0128755
cl60_149	K67	2	233	0.00858369
cl60_149	O101	1	233	0.00429185
cl60_149	O103	1	233	0.00429185
cl60_149	O1	137	233	0.587983
cl60_149	O2a	37	233	0.158798
cl60_149	O2afg	2	233	0.00858369
cl60_149	O3b	5	233	0.0214592
cl60_149	O3/O3a	6	233	0.0257511
cl60_149	O4	29	233	0.124464
cl60_149	O5	8	233	0.0343348
cl60_152	K117	20	32	0.625
cl60_152	K15	3	32	0.09375
cl60_152	K38	1	32	0.03125
cl60_152	O1	17	32	0.53125
cl60_152	O2afg	11	32	0.34375
cl60_152	O3b	1	32	0.03125
cl60_152	O4	3	32	0.09375
cl60_153	K155	2	26	0.0769231
cl60_153	K157	18	26	0.692308
cl60_153	K25	1	26	0.0384615
cl60_153	K3	1	26	0.0384615
cl60_153	K62	1	26	0.0384615
cl60_153	O103	1	26	0.0384615
cl60_153	O1	10	26	0.384615
cl60_153	O2a	10	26	0.384615
cl60_153	O2ac	1	26	0.0384615
cl60_153	O3b	3	26	0.115385
cl60_154	K64	1	1	1
cl60_154	O2a	1	1	1
cl60_155	K130	1	33	0.030303
cl60_155	K183	2	33	0.0606061
cl60_155	K51	1	33	0.030303
cl60_155	K64	1	33	0.030303
cl60_155	K81	23	33	0.69697
cl60_155	O101	12	33	0.363636
cl60_155	O103	3	33	0.0909091
cl60_155	O1	9	33	0.272727
cl60_155	O2a	3	33	0.0909091
cl60_155	O2afg	3	33	0.0909091
cl60_156	K127	2	2	1
cl60_156	O101	1	2	0.5
cl60_156	O103	1	2	0.5
cl60_160	K10	1	12	0.0833333
cl60_160	K105	1	12	0.0833333
cl60_160	K143	5	12	0.416667
cl60_160	K16	1	12	0.0833333
cl60_160	O1	2	12	0.166667
cl60_160	O2afg	3	12	0.25
cl60_160	O5	3	12	0.25
cl60_161	K128	1	95	0.0105263
cl60_161	K130	1	95	0.0105263
cl60_161	K135	1	95	0.0105263
cl60_161	K159	1	95	0.0105263
cl60_161	K183	4	95	0.0421053
cl60_161	K46	4	95	0.0421053
cl60_161	K56	26	95	0.273684
cl60_161	K64	36	95	0.378947
cl60_161	K67	2	95	0.0210526
cl60_161	O101	5	95	0.0526316
cl60_161	O102	1	95	0.0105263
cl60_161	O103	26	95	0.273684
cl60_161	O12	13	95	0.136842
cl60_161	O1	8	95	0.0842105
cl60_161	O2a	31	95	0.326316
cl60_161	O3/O3a	7	95	0.0736842
cl60_161	O5	4	95	0.0421053
cl60_166	K126	1	31	0.0322581
cl60_166	K139	1	31	0.0322581
cl60_166	K14	19	31	0.612903
cl60_166	K20	1	31	0.0322581
cl60_166	K63	1	31	0.0322581
cl60_166	O101	1	31	0.0322581
cl60_166	O104	5	31	0.16129
cl60_166	O12	2	31	0.0645161
cl60_166	O3b	13	31	0.419355
cl60_166	O3/O3a	4	31	0.129032
cl60_166	O5	6	31	0.193548
cl60_169	K163	6	7	0.857143
cl60_169	K21	1	7	0.142857
cl60_169	O1	3	7	0.428571
cl60_169	O2a	2	7	0.285714
cl60_169	O3b	2	7	0.285714
cl60_170	K103	1	8	0.125
cl60_170	K30	4	8	0.5
cl60_170	O1	4	8	0.5
cl60_170	O2afg	3	8	0.375
cl60_170	O3/O3a	1	8	0.125
cl60_171	K153	18	20	0.9
cl60_171	K81	1	20	0.05
cl60_171	O2a	5	20	0.25
cl60_171	O2afg	15	20	0.75
cl60_172	K3	1	2	0.5
cl60_172	O1	1	2	0.5
cl60_172	O2afg	1	2	0.5
cl60_181	K124	5	7	0.714286
cl60_181	O1	7	7	1
cl60_184	K151	3	3	1
cl60_184	O4	3	3	1
cl60_188	K62	1	1	1
cl60_188	O1	1	1	1
cl60_18	K64	5	7	0.714286
cl60_18	O1	2	7	0.285714
cl60_18	O2a	2	7	0.285714
cl60_18	O3/O3a	2	7	0.285714
cl60_18	O5	1	7	0.142857
cl60_191	K102	1	270	0.0037037
cl60_191	K111	2	270	0.00740741
cl60_191	K120	3	270	0.0111111
cl60_191	K124	6	270	0.0222222
cl60_191	K134	1	270	0.0037037
cl60_191	K14	187	270	0.692593
cl60_191	K169	3	270	0.0111111
cl60_191	K21	2	270	0.00740741
cl60_191	K25	1	270	0.0037037
cl60_191	K31	3	270	0.0111111
cl60_191	K35	2	270	0.00740741
cl60_191	K61	2	270	0.00740741
cl60_191	K62	2	270	0.00740741
cl60_191	K64	8	270	0.0296296
cl60_191	O101	2	270	0.00740741
cl60_191	O103	2	270	0.00740741
cl60_191	O104	63	270	0.233333
cl60_191	O1	13	270	0.0481481
cl60_191	O12	7	270	0.0259259
cl60_191	O2a	3	270	0.0111111
cl60_191	O2afg	1	270	0.0037037
cl60_191	O3b	112	270	0.414815
cl60_191	O3/O3a	17	270	0.062963
cl60_191	O5	38	270	0.140741
cl60_192	K12	1	8	0.125
cl60_192	K163	1	8	0.125
cl60_192	K35	1	8	0.125
cl60_192	K38	1	8	0.125
cl60_192	K7	1	8	0.125
cl60_192	O103	3	8	0.375
cl60_192	O1	1	8	0.125
cl60_192	O2a	1	8	0.125
cl60_192	O3b	1	8	0.125
cl60_192	O3/O3a	1	8	0.125
cl60_192	O5	1	8	0.125
cl60_194	K110	1	1	1
cl60_194	O2a	1	1	1
cl60_195	K10	1	38	0.0263158
cl60_195	K110	1	38	0.0263158
cl60_195	K140	1	38	0.0263158
cl60_195	K15	1	38	0.0263158
cl60_195	K157	1	38	0.0263158
cl60_195	K23	1	38	0.0263158
cl60_195	K45	9	38	0.236842
cl60_195	K64	1	38	0.0263158
cl60_195	K71	13	38	0.342105
cl60_195	K9	2	38	0.0526316
cl60_195	O104	1	38	0.0263158
cl60_195	O1	2	38	0.0526316
cl60_195	O2a	1	38	0.0263158
cl60_195	O2ac	1	38	0.0263158
cl60_195	O2afg	10	38	0.263158
cl60_195	O3b	10	38	0.263158
cl60_195	O3/O3a	9	38	0.236842
cl60_195	O4	1	38	0.0263158
cl60_195	O5	3	38	0.0789474
cl60_196	K122	1	3	0.333333
cl60_196	O1	1	3	0.333333
cl60_196	O2afg	2	3	0.666667
cl60_198	K177	1	1	1
cl60_198	O3/O3a	1	1	1
cl60_19	K10	1	71	0.0140845
cl60_19	K110	1	71	0.0140845
cl60_19	K19	1	71	0.0140845
cl60_19	K20	1	71	0.0140845
cl60_19	K21	3	71	0.0422535
cl60_19	K23	1	71	0.0140845
cl60_19	K24	1	71	0.0140845
cl60_19	K25	2	71	0.028169
cl60_19	K31	6	71	0.084507
cl60_19	K47	30	71	0.422535
cl60_19	K58	2	71	0.028169
cl60_19	K61	1	71	0.0140845
cl60_19	K64	13	71	0.183099
cl60_19	O101	22	71	0.309859
cl60_19	O104	2	71	0.028169
cl60_19	O1	3	71	0.0422535
cl60_19	O2a	24	71	0.338028
cl60_19	O2ac	1	71	0.0140845
cl60_19	O2afg	1	71	0.0140845
cl60_19	O3b	2	71	0.028169
cl60_19	O3/O3a	2	71	0.028169
cl60_19	O5	2	71	0.028169
cl60_200	K128	16	20	0.8
cl60_200	K136	1	20	0.05
cl60_200	K38	1	20	0.05
cl60_200	K55	1	20	0.05
cl60_200	O103	2	20	0.1
cl60_200	O1	1	20	0.05
cl60_200	O2afg	1	20	0.05
cl60_200	O3b	8	20	0.4
cl60_200	O3/O3a	8	20	0.4
cl60_201	K106	1	95	0.0105263
cl60_201	K107	63	95	0.663158
cl60_201	K183	6	95	0.0631579
cl60_201	K19	2	95	0.0210526
cl60_201	K25	2	95	0.0210526
cl60_201	K34	1	95	0.0105263
cl60_201	K53	5	95	0.0526316
cl60_201	K62	1	95	0.0105263
cl60_201	O101	6	95	0.0631579
cl60_201	O103	1	95	0.0105263
cl60_201	O1	2	95	0.0210526
cl60_201	O2a	3	95	0.0315789
cl60_201	O2ac	1	95	0.0105263
cl60_201	O2afg	52	95	0.547368
cl60_201	O3b	1	95	0.0105263
cl60_201	O3/O3a	11	95	0.115789
cl60_201	O5	14	95	0.147368
cl60_203	O3/O3a	6	6	1
cl60_207	K112	13	16	0.8125
cl60_207	K20	1	16	0.0625
cl60_207	K55	1	16	0.0625
cl60_207	O1	8	16	0.5
cl60_207	O2a	1	16	0.0625
cl60_207	O2ac	2	16	0.125
cl60_207	O2afg	5	16	0.3125
cl60_209	K10	2	411	0.00486618
cl60_209	K102	1	411	0.00243309
cl60_209	K106	12	411	0.0291971
cl60_209	K110	1	411	0.00243309
cl60_209	K111	65	411	0.158151
cl60_209	K150	1	411	0.00243309
cl60_209	K158	1	411	0.00243309
cl60_209	K183	3	411	0.00729927
cl60_209	K22	5	411	0.0121655
cl60_209	K2	3	411	0.00729927
cl60_209	K25	178	411	0.43309
cl60_209	K31	1	411	0.00243309
cl60_209	K46	25	411	0.0608273
cl60_209	K48	1	411	0.00243309
cl60_209	K51	2	411	0.00486618
cl60_209	K55	1	411	0.00243309
cl60_209	K60	2	411	0.00486618
cl60_209	K62	5	411	0.0121655
cl60_209	K64	2	411	0.00486618
cl60_209	K74	4	411	0.00973236
cl60_209	O101	3	411	0.00729927
cl60_209	O104	10	411	0.0243309
cl60_209	O12	3	411	0.00729927
cl60_209	O1	80	411	0.194647
cl60_209	O2a	10	411	0.0243309
cl60_209	O2afg	35	411	0.0851582
cl60_209	O3b	109	411	0.265207
cl60_209	O3/O3a	23	411	0.0559611
cl60_209	O5	131	411	0.318735
cl60_211	O3b	1	1	1
cl60_212	K18	45	53	0.849057
cl60_212	K19	2	53	0.0377358
cl60_212	K2	3	53	0.0566038
cl60_212	O1	36	53	0.679245
cl60_212	O2a	4	53	0.0754717
cl60_212	O2afg	3	53	0.0566038
cl60_212	O3/O3a	8	53	0.150943
cl60_212	O5	1	53	0.0188679
cl60_214	K10	2	276	0.00724638
cl60_214	K112	2	276	0.00724638
cl60_214	K117	1	276	0.00362319
cl60_214	K122	1	276	0.00362319
cl60_214	K123	1	276	0.00362319
cl60_214	K14	2	276	0.00724638
cl60_214	K15	2	276	0.00724638
cl60_214	K157	2	276	0.00724638
cl60_214	K2	3	276	0.0108696
cl60_214	K23	98	276	0.355072
cl60_214	K24	3	276	0.0108696
cl60_214	K25	8	276	0.0289855
cl60_214	K28	89	276	0.322464
cl60_214	K31	1	276	0.00362319
cl60_214	K38	5	276	0.0181159
cl60_214	K55	1	276	0.00362319
cl60_214	K61	1	276	0.00362319
cl60_214	K62	3	276	0.0108696
cl60_214	K64	4	276	0.0144928
cl60_214	K82	2	276	0.00724638
cl60_214	K9	12	276	0.0434783
cl60_214	O103	1	276	0.00362319
cl60_214	O104	2	276	0.00724638
cl60_214	O1	104	276	0.376812
cl60_214	O12	2	276	0.00724638
cl60_214	O2a	36	276	0.130435
cl60_214	O2ac	2	276	0.00724638
cl60_214	O2afg	95	276	0.344203
cl60_214	O3b	10	276	0.0362319
cl60_214	O3/O3a	7	276	0.0253623
cl60_214	O4	3	276	0.0108696
cl60_214	O5	9	276	0.0326087
cl60_216	K140	2	3	0.666667
cl60_216	O1	1	3	0.333333
cl60_216	O2afg	1	3	0.333333
cl60_216	O3b	1	3	0.333333
cl60_217	K118	1	5	0.2
cl60_217	O101	4	5	0.8
cl60_217	O2a	1	5	0.2
cl60_218	K10	2	295	0.00677966
cl60_218	K123	1	295	0.00338983
cl60_218	K135	1	295	0.00338983
cl60_218	K14	2	295	0.00677966
cl60_218	K146	1	295	0.00338983
cl60_218	K15	1	295	0.00338983
cl60_218	K157	1	295	0.00338983
cl60_218	K170	1	295	0.00338983
cl60_218	K19	1	295	0.00338983
cl60_218	K21	1	295	0.00338983
cl60_218	K2	2	295	0.00677966
cl60_218	K23	47	295	0.159322
cl60_218	K24	5	295	0.0169492
cl60_218	K28	162	295	0.549153
cl60_218	K34	1	295	0.00338983
cl60_218	K38	2	295	0.00677966
cl60_218	K55	4	295	0.0135593
cl60_218	K60	1	295	0.00338983
cl60_218	K61	1	295	0.00338983
cl60_218	K62	3	295	0.0101695
cl60_218	K64	5	295	0.0169492
cl60_218	O104	2	295	0.00677966
cl60_218	O1	124	295	0.420339
cl60_218	O2a	64	295	0.216949
cl60_218	O2ac	1	295	0.00338983
cl60_218	O2afg	74	295	0.250847
cl60_218	O3b	8	295	0.0271186
cl60_218	O3/O3a	8	295	0.0271186
cl60_218	O4	2	295	0.00677966
cl60_218	O5	6	295	0.020339
cl60_220	K107	1	48	0.0208333
cl60_220	K34	2	48	0.0416667
cl60_220	K53	37	48	0.770833
cl60_220	K56	3	48	0.0625
cl60_220	K81	2	48	0.0416667
cl60_220	O103	3	48	0.0625
cl60_220	O104	1	48	0.0208333
cl60_220	O12	1	48	0.0208333
cl60_220	O1	6	48	0.125
cl60_220	O2a	2	48	0.0416667
cl60_220	O2afg	1	48	0.0208333
cl60_220	O3/O3a	25	48	0.520833
cl60_220	O5	7	48	0.145833
cl60_223	K2	1	3	0.333333
cl60_223	O1	3	3	1
cl60_224	K15	1	23	0.0434783
cl60_224	K155	19	23	0.826087
cl60_224	O101	16	23	0.695652
cl60_224	O103	4	23	0.173913
cl60_224	O4	1	23	0.0434783
cl60_225	O104	2	33	0.0606061
cl60_225	O2afg	1	33	0.030303
cl60_225	O3/O3a	8	33	0.242424
cl60_225	O4	6	33	0.181818
cl60_225	O5	16	33	0.484848
cl60_226	K164	9	11	0.818182
cl60_226	K62	1	11	0.0909091
cl60_226	O102	10	11	0.909091
cl60_226	O2afg	1	11	0.0909091
cl60_22	K150	3	11	0.272727
cl60_22	K155	3	11	0.272727
cl60_22	K162	2	11	0.181818
cl60_22	K82	2	11	0.181818
cl60_22	O101	3	11	0.272727
cl60_22	O12	2	11	0.181818
cl60_22	O3b	3	11	0.272727
cl60_231	K81	4	5	0.8
cl60_231	O101	3	5	0.6
cl60_231	O1	1	5	0.2
cl60_232	K105	35	68	0.514706
cl60_232	K128	2	68	0.0294118
cl60_232	K15	2	68	0.0294118
cl60_232	K177	1	68	0.0147059
cl60_232	K28	1	68	0.0147059
cl60_232	K38	1	68	0.0147059
cl60_232	K60	1	68	0.0147059
cl60_232	K9	19	68	0.279412
cl60_232	O1	3	68	0.0441176
cl60_232	O2a	1	68	0.0147059
cl60_232	O2afg	33	68	0.485294
cl60_232	O3b	20	68	0.294118
cl60_232	O3/O3a	1	68	0.0147059
cl60_232	O4	5	68	0.0735294
cl60_232	O5	5	68	0.0735294
cl60_235	O5	1	1	1
cl60_238	K106	1	12	0.0833333
cl60_238	K149	1	12	0.0833333
cl60_238	K22	5	12	0.416667
cl60_238	K5	1	12	0.0833333
cl60_238	K52	1	12	0.0833333
cl60_238	K9	1	12	0.0833333
cl60_238	O101	1	12	0.0833333
cl60_238	O1	2	12	0.166667
cl60_238	O2a	1	12	0.0833333
cl60_238	O2ac	2	12	0.166667
cl60_238	O2afg	4	12	0.333333
cl60_238	O3b	1	12	0.0833333
cl60_238	O4	1	12	0.0833333
cl60_23	K104	6	8	0.75
cl60_23	K38	1	8	0.125
cl60_23	O1	5	8	0.625
cl60_23	O2afg	2	8	0.25
cl60_23	O5	1	8	0.125
cl60_241	K135	1	2	0.5
cl60_241	K52	1	2	0.5
cl60_241	O101	1	2	0.5
cl60_241	O103	1	2	0.5
cl60_250	K34	7	10	0.7
cl60_250	O1	1	10	0.1
cl60_250	O2a	1	10	0.1
cl60_250	O3/O3a	1	10	0.1
cl60_250	O5	7	10	0.7
cl60_251	K139	8	9	0.888889
cl60_251	O104	1	9	0.111111
cl60_251	O1	5	9	0.555556
cl60_251	O3b	1	9	0.111111
cl60_251	O4	2	9	0.222222
cl60_254	O3b	1	1	1
cl60_25	K109	1	5	0.2
cl60_25	K162	4	5	0.8
cl60_25	O2afg	1	5	0.2
cl60_263	O1	1	3	0.333333
cl60_263	O2a	2	3	0.666667
cl60_265	K42	2	2	1
cl60_268	K25	2	3	0.666667
cl60_268	O5	3	3	1
cl60_269	K130	4	6	0.666667
cl60_269	O101	1	6	0.166667
cl60_269	O103	2	6	0.333333
cl60_269	O1	2	6	0.333333
cl60_269	O5	1	6	0.166667
cl60_272	K31	3	3	1
cl60_272	O2a	1	3	0.333333
cl60_272	O3b	2	3	0.666667
cl60_274	K3	15	20	0.75
cl60_274	O1	10	20	0.5
cl60_274	O2a	2	20	0.1
cl60_274	O2afg	7	20	0.35
cl60_274	O3/O3a	1	20	0.05
cl60_276	K106	1	33	0.030303
cl60_276	K107	1	33	0.030303
cl60_276	K183	2	33	0.0606061
cl60_276	K3	1	33	0.030303
cl60_276	K36	20	33	0.606061
cl60_276	K47	1	33	0.030303
cl60_276	K64	1	33	0.030303
cl60_276	O101	3	33	0.0909091
cl60_276	O2ac	1	33	0.030303
cl60_276	O2afg	1	33	0.030303
cl60_276	O3/O3a	1	33	0.030303
cl60_276	O4	27	33	0.818182
cl60_27	K43	1	14	0.0714286
cl60_27	K64	9	14	0.642857
cl60_27	O1	5	14	0.357143
cl60_27	O2a	5	14	0.357143
cl60_27	O5	4	14	0.285714
cl60_285	K153	1	2	0.5
cl60_285	K62	1	2	0.5
cl60_285	O2afg	2	2	1
cl60_286	K81	3	3	1
cl60_286	O101	2	3	0.666667
cl60_286	O1	1	3	0.333333
cl60_28	K163	1	164	0.00609756
cl60_28	K23	2	164	0.0121951
cl60_28	K28	2	164	0.0121951
cl60_28	K3	10	164	0.0609756
cl60_28	K31	1	164	0.00609756
cl60_28	K38	2	164	0.0121951
cl60_28	K62	1	164	0.00609756
cl60_28	K7	99	164	0.603659
cl60_28	K8	6	164	0.0365854
cl60_28	O104	4	164	0.0243902
cl60_28	O12	1	164	0.00609756
cl60_28	O1	85	164	0.518293
cl60_28	O2a	27	164	0.164634
cl60_28	O2afg	31	164	0.189024
cl60_28	O3b	11	164	0.0670732
cl60_28	O3/O3a	2	164	0.0121951
cl60_28	O4	3	164	0.0182927
cl60_293	K181	1	1	1
cl60_293	O3b	1	1	1
cl60_299	K127	1	1	1
cl60_299	O101	1	1	1
cl60_300	K47	1	1	1
cl60_302	O103	1	4	0.25
cl60_302	O1	1	4	0.25
cl60_302	O2a	1	4	0.25
cl60_302	O4	1	4	0.25
cl60_305	K58	1	14	0.0714286
cl60_305	K62	3	14	0.214286
cl60_305	K66	8	14	0.571429
cl60_305	O1	1	14	0.0714286
cl60_305	O12	4	14	0.285714
cl60_305	O2a	2	14	0.142857
cl60_305	O2afg	6	14	0.428571
cl60_305	O3/O3a	1	14	0.0714286
cl60_306	K117	9	11	0.818182
cl60_306	O1	3	11	0.272727
cl60_306	O2afg	5	11	0.454545
cl60_306	O3/O3a	1	11	0.0909091
cl60_315	O103	1	2	0.5
cl60_315	O12	1	2	0.5
cl60_318	K128	1	2	0.5
cl60_318	K21	1	2	0.5
cl60_318	O3b	2	2	1
cl60_31	K128	25	28	0.892857
cl60_31	K153	1	28	0.0357143
cl60_31	O103	3	28	0.107143
cl60_31	O2a	1	28	0.0357143
cl60_31	O2afg	2	28	0.0714286
cl60_31	O3b	19	28	0.678571
cl60_31	O3/O3a	3	28	0.107143
cl60_320	K34	5	6	0.833333
cl60_320	O2afg	1	6	0.166667
cl60_320	O3/O3a	1	6	0.166667
cl60_320	O5	4	6	0.666667
cl60_322	K43	1	1	1
cl60_322	O1	1	1	1
cl60_328	K55	1	1	1
cl60_328	O1	1	1	1
cl60_329	K106	60	140	0.428571
cl60_329	K10	9	140	0.0642857
cl60_329	K109	1	140	0.00714286
cl60_329	K110	1	140	0.00714286
cl60_329	K111	2	140	0.0142857
cl60_329	K126	1	140	0.00714286
cl60_329	K171	4	140	0.0285714
cl60_329	K2	1	140	0.00714286
cl60_329	K22	14	140	0.1
cl60_329	K25	2	140	0.0142857
cl60_329	K39	1	140	0.00714286
cl60_329	K51	2	140	0.0142857
cl60_329	K74	2	140	0.0142857
cl60_329	O101	1	140	0.00714286
cl60_329	O12	2	140	0.0142857
cl60_329	O1	40	140	0.285714
cl60_329	O2a	13	140	0.0928571
cl60_329	O2ac	1	140	0.00714286
cl60_329	O2afg	58	140	0.414286
cl60_329	O3b	15	140	0.107143
cl60_329	O3/O3a	1	140	0.00714286
cl60_329	O5	2	140	0.0142857
cl60_330	K13	4	19	0.210526
cl60_330	K2	12	19	0.631579
cl60_330	O1	16	19	0.842105
cl60_330	O2afg	1	19	0.0526316
cl60_330	O3b	2	19	0.105263
cl60_334	K10	1	109	0.00917431
cl60_334	K103	2	109	0.0183486
cl60_334	K105	3	109	0.0275229
cl60_334	K106	1	109	0.00917431
cl60_334	K109	1	109	0.00917431
cl60_334	K1	1	109	0.00917431
cl60_334	K110	1	109	0.00917431
cl60_334	K112	3	109	0.0275229
cl60_334	K117	44	109	0.40367
cl60_334	K118	1	109	0.00917431
cl60_334	K122	1	109	0.00917431
cl60_334	K136	1	109	0.00917431
cl60_334	K144	1	109	0.00917431
cl60_334	K15	4	109	0.0366972
cl60_334	K157	1	109	0.00917431
cl60_334	K169	5	109	0.0458716
cl60_334	K178	2	109	0.0183486
cl60_334	K185	1	109	0.00917431
cl60_334	K2	1	109	0.00917431
cl60_334	K22	1	109	0.00917431
cl60_334	K25	3	109	0.0275229
cl60_334	K31	1	109	0.00917431
cl60_334	K38	2	109	0.0183486
cl60_334	K39	2	109	0.0183486
cl60_334	K5	11	109	0.100917
cl60_334	K62	3	109	0.0275229
cl60_334	K8	1	109	0.00917431
cl60_334	O104	4	109	0.0366972
cl60_334	O1	47	109	0.431193
cl60_334	O2a	5	109	0.0458716
cl60_334	O2ac	1	109	0.00917431
cl60_334	O2afg	29	109	0.266055
cl60_334	O3b	7	109	0.0642202
cl60_334	O3/O3a	1	109	0.00917431
cl60_334	O4	11	109	0.100917
cl60_335	K10	1	1	1
cl60_335	O2afg	1	1	1
cl60_339	K172	2	2	1
cl60_339	O2a	1	2	0.5
cl60_339	O2ac	1	2	0.5
cl60_33	K25	1	24	0.0416667
cl60_33	K38	1	24	0.0416667
cl60_33	K52	16	24	0.666667
cl60_33	O101	18	24	0.75
cl60_33	O103	3	24	0.125
cl60_33	O3b	1	24	0.0416667
cl60_33	O5	1	24	0.0416667
cl60_350	K3	69	85	0.811765
cl60_350	O1	35	85	0.411765
cl60_350	O2a	3	85	0.0352941
cl60_350	O2ac	1	85	0.0117647
cl60_350	O2afg	45	85	0.529412
cl60_350	O3/O3a	1	85	0.0117647
cl60_351	K57	29	32	0.90625
cl60_351	O104	4	32	0.125
cl60_351	O1	3	32	0.09375
cl60_351	O1 (O2ac)	1	32	0.03125
cl60_351	O2afg	11	32	0.34375
cl60_351	O3b	8	32	0.25
cl60_351	O3/O3a	3	32	0.09375
cl60_351	O5	1	32	0.03125
cl60_352	K36	11	14	0.785714
cl60_352	O4	14	14	1
cl60_353	K111	8	84	0.0952381
cl60_353	K16	1	84	0.0119048
cl60_353	K18	5	84	0.0595238
cl60_353	K40	1	84	0.0119048
cl60_353	K46	52	84	0.619048
cl60_353	K51	1	84	0.0119048
cl60_353	K53	2	84	0.0238095
cl60_353	K55	1	84	0.0119048
cl60_353	O104	2	84	0.0238095
cl60_353	O12	3	84	0.0357143
cl60_353	O1	5	84	0.0595238
cl60_353	O2a	1	84	0.0119048
cl60_353	O2ac	1	84	0.0119048
cl60_353	O2afg	1	84	0.0119048
cl60_353	O3b	46	84	0.547619
cl60_353	O3/O3a	14	84	0.166667
cl60_353	O4	1	84	0.0119048
cl60_353	O5	9	84	0.107143
cl60_356	K173	2	2	1
cl60_356	O12	1	2	0.5
cl60_356	O3b	1	2	0.5
cl60_357	K10	2	175	0.0114286
cl60_357	K102	1	175	0.00571429
cl60_357	K105	1	175	0.00571429
cl60_357	K106	1	175	0.00571429
cl60_357	K107	1	175	0.00571429
cl60_357	K108	1	175	0.00571429
cl60_357	K110	2	175	0.0114286
cl60_357	K112	1	175	0.00571429
cl60_357	K116	2	175	0.0114286
cl60_357	K133	1	175	0.00571429
cl60_357	K140	1	175	0.00571429
cl60_357	K141	1	175	0.00571429
cl60_357	K146	3	175	0.0171429
cl60_357	K147	1	175	0.00571429
cl60_357	K149	1	175	0.00571429
cl60_357	K153	1	175	0.00571429
cl60_357	K154	1	175	0.00571429
cl60_357	K158	2	175	0.0114286
cl60_357	K16	1	175	0.00571429
cl60_357	K163	1	175	0.00571429
cl60_357	K166	1	175	0.00571429
cl60_357	K17	1	175	0.00571429
cl60_357	K174	1	175	0.00571429
cl60_357	K18	1	175	0.00571429
cl60_357	K183	1	175	0.00571429
cl60_357	K19	2	175	0.0114286
cl60_357	K21	1	175	0.00571429
cl60_357	K23	1	175	0.00571429
cl60_357	K24	84	175	0.48
cl60_357	K25	3	175	0.0171429
cl60_357	K27	1	175	0.00571429
cl60_357	K28	2	175	0.0114286
cl60_357	K30	1	175	0.00571429
cl60_357	K39	4	175	0.0228571
cl60_357	K48	3	175	0.0171429
cl60_357	K54	2	175	0.0114286
cl60_357	K62	1	175	0.00571429
cl60_357	K63	1	175	0.00571429
cl60_357	K64	1	175	0.00571429
cl60_357	K8	1	175	0.00571429
cl60_357	K9	1	175	0.00571429
cl60_357	O101	2	175	0.0114286
cl60_357	O1	78	175	0.445714
cl60_357	O2a	73	175	0.417143
cl60_357	O2afg	6	175	0.0342857
cl60_357	O3b	1	175	0.00571429
cl60_357	O4	5	175	0.0285714
cl60_358	O12	1	1	1
cl60_359	K2	1	60	0.0166667
cl60_359	K24	1	60	0.0166667
cl60_359	K47	41	60	0.683333
cl60_359	K62	2	60	0.0333333
cl60_359	K64	2	60	0.0333333
cl60_359	O101	34	60	0.566667
cl60_359	O103	2	60	0.0333333
cl60_359	O1	8	60	0.133333
cl60_359	O2a	5	60	0.0833333
cl60_360	K111	1	15	0.0666667
cl60_360	K25	13	15	0.866667
cl60_360	O2afg	3	15	0.2
cl60_360	O3b	2	15	0.133333
cl60_360	O5	10	15	0.666667
cl60_362	K119	20	32	0.625
cl60_362	K167	2	32	0.0625
cl60_362	K3	2	32	0.0625
cl60_362	O101	2	32	0.0625
cl60_362	O1	1	32	0.03125
cl60_362	O2afg	1	32	0.03125
cl60_362	O3/O3a	6	32	0.1875
cl60_362	O4	20	32	0.625
cl60_362	O5	1	32	0.03125
cl60_365	K149	2	2	1
cl60_365	O1	1	2	0.5
cl60_365	O3/O3a	1	2	0.5
cl60_366	K146	2	2	1
cl60_366	O1	1	2	0.5
cl60_366	O12	1	2	0.5
cl60_367	K110	1	107	0.00934579
cl60_367	K111	11	107	0.102804
cl60_367	K112	1	107	0.00934579
cl60_367	K174	1	107	0.00934579
cl60_367	K23	2	107	0.0186916
cl60_367	K25	63	107	0.588785
cl60_367	K57	2	107	0.0186916
cl60_367	K62	2	107	0.0186916
cl60_367	O1	19	107	0.17757
cl60_367	O2a	3	107	0.0280374
cl60_367	O2afg	10	107	0.0934579
cl60_367	O3b	15	107	0.140187
cl60_367	O3/O3a	4	107	0.0373832
cl60_367	O5	56	107	0.523364
cl60_373	K110	4	45	0.0888889
cl60_373	K116	1	45	0.0222222
cl60_373	K17	1	45	0.0222222
cl60_373	K173	1	45	0.0222222
cl60_373	K2	2	45	0.0444444
cl60_373	K24	31	45	0.688889
cl60_373	K64	1	45	0.0222222
cl60_373	O1	35	45	0.777778
cl60_373	O2a	6	45	0.133333
cl60_373	O2afg	3	45	0.0666667
cl60_373	O3b	1	45	0.0222222
cl60_376	K64	1	1	1
cl60_376	O2a	1	1	1
cl60_377	K139	2	8	0.25
cl60_377	K66	2	8	0.25
cl60_377	K70	4	8	0.5
cl60_377	O1	2	8	0.25
cl60_377	O12	1	8	0.125
cl60_377	O2afg	1	8	0.125
cl60_377	O3b	3	8	0.375
cl60_377	O3/O3a	1	8	0.125
cl60_379	K109	13	27	0.481481
cl60_379	K136	1	27	0.037037
cl60_379	K153	1	27	0.037037
cl60_379	K163	1	27	0.037037
cl60_379	K167	1	27	0.037037
cl60_379	K35	1	27	0.037037
cl60_379	K38	1	27	0.037037
cl60_379	K47	1	27	0.037037
cl60_379	K82	2	27	0.0740741
cl60_379	O101	1	27	0.037037
cl60_379	O12	2	27	0.0740741
cl60_379	O1	5	27	0.185185
cl60_379	O2a	5	27	0.185185
cl60_379	O2afg	10	27	0.37037
cl60_379	O3b	1	27	0.037037
cl60_379	O3/O3a	2	27	0.0740741
cl60_379	O5	1	27	0.037037
cl60_37	K10	1	419	0.00238663
cl60_37	K102	319	419	0.761337
cl60_37	K106	1	419	0.00238663
cl60_37	K110	1	419	0.00238663
cl60_37	K125	1	419	0.00238663
cl60_37	K15	2	419	0.00477327
cl60_37	K157	1	419	0.00238663
cl60_37	K47	1	419	0.00238663
cl60_37	K55	2	419	0.00477327
cl60_37	O101	1	419	0.00238663
cl60_37	O1	49	419	0.116945
cl60_37	O2a	47	419	0.112172
cl60_37	O2afg	305	419	0.727924
cl60_37	O3/O3a	1	419	0.00238663
cl60_37	O4	2	419	0.00477327
cl60_37	O5	3	419	0.0071599
cl60_380	K128	14	16	0.875
cl60_380	K62	1	16	0.0625
cl60_380	O2a	1	16	0.0625
cl60_380	O3b	9	16	0.5625
cl60_380	O3/O3a	6	16	0.375
cl60_381	K183	1	23	0.0434783
cl60_381	K51	1	23	0.0434783
cl60_381	K81	19	23	0.826087
cl60_381	O101	12	23	0.521739
cl60_381	O103	1	23	0.0434783
cl60_381	O1	7	23	0.304348
cl60_381	O2a	1	23	0.0434783
cl60_381	O2afg	1	23	0.0434783
cl60_383	K102	1	68	0.0147059
cl60_383	K10	6	68	0.0882353
cl60_383	K110	2	68	0.0294118
cl60_383	K122	1	68	0.0147059
cl60_383	K132	1	68	0.0147059
cl60_383	K139	1	68	0.0147059
cl60_383	K141	1	68	0.0147059
cl60_383	K142	1	68	0.0147059
cl60_383	K144	1	68	0.0147059
cl60_383	K145	5	68	0.0735294
cl60_383	K15	1	68	0.0147059
cl60_383	K158	1	68	0.0147059
cl60_383	K16	2	68	0.0294118
cl60_383	K18	10	68	0.147059
cl60_383	K2	1	68	0.0147059
cl60_383	K22	1	68	0.0147059
cl60_383	K24	1	68	0.0147059
cl60_383	K25	1	68	0.0147059
cl60_383	K28	1	68	0.0147059
cl60_383	K3	1	68	0.0147059
cl60_383	K31	1	68	0.0147059
cl60_383	K35	1	68	0.0147059
cl60_383	K38	1	68	0.0147059
cl60_383	K39	1	68	0.0147059
cl60_383	K43	1	68	0.0147059
cl60_383	K55	1	68	0.0147059
cl60_383	K60	3	68	0.0441176
cl60_383	K61	1	68	0.0147059
cl60_383	K62	1	68	0.0147059
cl60_383	K64	2	68	0.0294118
cl60_383	K7	2	68	0.0294118
cl60_383	K81	2	68	0.0294118
cl60_383	K8	2	68	0.0294118
cl60_383	K9	2	68	0.0294118
cl60_383	O103	5	68	0.0735294
cl60_383	O1	48	68	0.705882
cl60_383	O2a	4	68	0.0588235
cl60_383	O2afg	3	68	0.0441176
cl60_383	O3b	1	68	0.0147059
cl60_383	O4	6	68	0.0882353
cl60_384	O2ac	1	1	1
cl60_385	O103	1	1	1
cl60_387	O2afg	1	21	0.047619
cl60_387	O3/O3a	4	21	0.190476
cl60_387	O5	16	21	0.761905
cl60_388	K70	2	2	1
cl60_388	O3b	2	2	1
cl60_395	K10	1	162	0.00617284
cl60_395	K107	1	162	0.00617284
cl60_395	K119	8	162	0.0493827
cl60_395	K167	1	162	0.00617284
cl60_395	K3	103	162	0.635802
cl60_395	K42	1	162	0.00617284
cl60_395	K55	1	162	0.00617284
cl60_395	O1	46	162	0.283951
cl60_395	O2a	1	162	0.00617284
cl60_395	O2ac	4	162	0.0246914
cl60_395	O2afg	82	162	0.506173
cl60_395	O3b	1	162	0.00617284
cl60_395	O3/O3a	11	162	0.0679012
cl60_395	O4	12	162	0.0740741
cl60_395	O5	5	162	0.0308642
cl60_400	K80	1	1	1
cl60_400	O12	1	1	1
cl60_405	O103	4	4	1
cl60_408	K110	1	5	0.2
cl60_408	K71	3	5	0.6
cl60_408	O3/O3a	1	5	0.2
cl60_408	O4	1	5	0.2
cl60_408	O5	3	5	0.6
cl60_411	K139	6	7	0.857143
cl60_411	O1	4	7	0.571429
cl60_411	O3b	2	7	0.285714
cl60_411	O4	1	7	0.142857
cl60_413	K43	9	13	0.692308
cl60_413	O1	1	13	0.0769231
cl60_413	O2a	9	13	0.692308
cl60_413	O3/O3a	3	13	0.230769
cl60_417	K102	1	59	0.0169492
cl60_417	K107	39	59	0.661017
cl60_417	K15	1	59	0.0169492
cl60_417	K28	1	59	0.0169492
cl60_417	K30	2	59	0.0338983
cl60_417	K38	1	59	0.0169492
cl60_417	O1	4	59	0.0677966
cl60_417	O2a	8	59	0.135593
cl60_417	O2ac	2	59	0.0338983
cl60_417	O2afg	34	59	0.576271
cl60_417	O3b	3	59	0.0508475
cl60_417	O4	1	59	0.0169492
cl60_419	K54	4	4	1
cl60_419	O1	3	4	0.75
cl60_419	O5	1	4	0.25
cl60_421	K74	3	3	1
cl60_421	O104	2	3	0.666667
cl60_421	O3b	1	3	0.333333
cl60_425	K71	3	12	0.25
cl60_425	O104	1	12	0.0833333
cl60_425	O3b	10	12	0.833333
cl60_425	O3/O3a	1	12	0.0833333
cl60_434	K181	2	2	1
cl60_434	O3b	2	2	1
cl60_436	O12	1	1	1
cl60_43	K186	7	25	0.28
cl60_43	K30	1	25	0.04
cl60_43	K74	6	25	0.24
cl60_43	O101	1	25	0.04
cl60_43	O104	5	25	0.2
cl60_43	O1	7	25	0.28
cl60_43	O3b	6	25	0.24
cl60_43	O3/O3a	6	25	0.24
cl60_441	K164	2	2	1
cl60_441	O102	2	2	1
cl60_446	K10	2	8	0.25
cl60_446	K17	6	8	0.75
cl60_446	O1	1	8	0.125
cl60_446	O3/O3a	2	8	0.25
cl60_446	O4	5	8	0.625
cl60_448	K119	7	10	0.7
cl60_448	K167	1	10	0.1
cl60_448	O3/O3a	2	10	0.2
cl60_448	O4	8	10	0.8
cl60_449	K102	1	91	0.010989
cl60_449	K10	3	91	0.032967
cl60_449	K106	2	91	0.021978
cl60_449	K110	3	91	0.032967
cl60_449	K122	2	91	0.021978
cl60_449	K123	1	91	0.010989
cl60_449	K125	1	91	0.010989
cl60_449	K128	2	91	0.021978
cl60_449	K140	1	91	0.010989
cl60_449	K155	1	91	0.010989
cl60_449	K16	1	91	0.010989
cl60_449	K17	1	91	0.010989
cl60_449	K177	2	91	0.021978
cl60_449	K19	2	91	0.021978
cl60_449	K20	1	91	0.010989
cl60_449	K24	3	91	0.032967
cl60_449	K38	1	91	0.010989
cl60_449	K45	42	91	0.461538
cl60_449	K48	3	91	0.032967
cl60_449	K64	2	91	0.021978
cl60_449	K82	1	91	0.010989
cl60_449	O101	3	91	0.032967
cl60_449	O103	1	91	0.010989
cl60_449	O12	1	91	0.010989
cl60_449	O1	37	91	0.406593
cl60_449	O2a	7	91	0.0769231
cl60_449	O2ac	4	91	0.043956
cl60_449	O2afg	21	91	0.230769
cl60_449	O3b	5	91	0.0549451
cl60_449	O3/O3a	5	91	0.0549451
cl60_449	O4	3	91	0.032967
cl60_449	O5	2	91	0.021978
cl60_44	K14	25	41	0.609756
cl60_44	K64	8	41	0.195122
cl60_44	O104	5	41	0.121951
cl60_44	O1	2	41	0.0487805
cl60_44	O12	1	41	0.0243902
cl60_44	O2a	7	41	0.170732
cl60_44	O3b	13	41	0.317073
cl60_44	O3/O3a	2	41	0.0487805
cl60_44	O5	8	41	0.195122
cl60_455	K109	6	22	0.272727
cl60_455	K12	1	22	0.0454545
cl60_455	K183	1	22	0.0454545
cl60_455	K27	2	22	0.0909091
cl60_455	K28	1	22	0.0454545
cl60_455	K3	1	22	0.0454545
cl60_455	K31	2	22	0.0909091
cl60_455	K35	2	22	0.0909091
cl60_455	K6	2	22	0.0909091
cl60_455	K7	1	22	0.0454545
cl60_455	O101	1	22	0.0454545
cl60_455	O103	1	22	0.0454545
cl60_455	O104	2	22	0.0909091
cl60_455	O1	1	22	0.0454545
cl60_455	O2a	5	22	0.227273
cl60_455	O2afg	10	22	0.454545
cl60_455	O3b	2	22	0.0909091
cl60_456	O1	1	1	1
cl60_457	O5	3	3	1
cl60_461	K23	1	1	1
cl60_461	O1	1	1	1
cl60_463	K12	1	1	1
cl60_463	O1	1	1	1
cl60_464	K22	1	1	1
cl60_464	O2a	1	1	1
cl60_465	O104	1	33	0.030303
cl60_465	O3/O3a	8	33	0.242424
cl60_465	O4	3	33	0.0909091
cl60_465	O5	21	33	0.636364
cl60_474	K53	19	21	0.904762
cl60_474	O103	1	21	0.047619
cl60_474	O104	1	21	0.047619
cl60_474	O1	1	21	0.047619
cl60_474	O3/O3a	15	21	0.714286
cl60_474	O5	3	21	0.142857
cl60_476	K110	17	57	0.298246
cl60_476	K116	18	57	0.315789
cl60_476	K2	2	57	0.0350877
cl60_476	K24	10	57	0.175439
cl60_476	O1	45	57	0.789474
cl60_476	O2a	5	57	0.0877193
cl60_476	O2afg	2	57	0.0350877
cl60_476	O3b	5	57	0.0877193
cl60_479	K110	1	1	1
cl60_479	O2a	1	1	1
cl60_47	K10	1	58	0.0172414
cl60_47	K102	1	58	0.0172414
cl60_47	K106	1	58	0.0172414
cl60_47	K107	1	58	0.0172414
cl60_47	K136	36	58	0.62069
cl60_47	K25	2	58	0.0344828
cl60_47	O1	14	58	0.241379
cl60_47	O2a	1	58	0.0172414
cl60_47	O2ac	3	58	0.0517241
cl60_47	O2afg	39	58	0.672414
cl60_480	K1	1	1	1
cl60_480	O1	1	1	1
cl60_483	K128	25	30	0.833333
cl60_483	K153	1	30	0.0333333
cl60_483	K74	1	30	0.0333333
cl60_483	O103	4	30	0.133333
cl60_483	O104	1	30	0.0333333
cl60_483	O2afg	1	30	0.0333333
cl60_483	O3b	23	30	0.766667
cl60_483	O3/O3a	1	30	0.0333333
cl60_489	K159	1	1	1
cl60_489	O101	1	1	1
cl60_497	K115	1	1	1
cl60_497	O5	1	1	1
cl60_498	O101	1	1	1
cl60_4	K123	6	225	0.0266667
cl60_4	K13	1	225	0.00444444
cl60_4	K15	1	225	0.00444444
cl60_4	K27	167	225	0.742222
cl60_4	K49	2	225	0.00888889
cl60_4	O12	1	225	0.00444444
cl60_4	O1	9	225	0.04
cl60_4	O2afg	118	225	0.524444
cl60_4	O3b	13	225	0.0577778
cl60_4	O3/O3a	3	225	0.0133333
cl60_4	O4	66	225	0.293333
cl60_4	O5	11	225	0.0488889
cl60_504	K104	2	6	0.333333
cl60_504	K25	1	6	0.166667
cl60_504	K74	3	6	0.5
cl60_504	O104	1	6	0.166667
cl60_504	O2afg	2	6	0.333333
cl60_504	O3b	2	6	0.333333
cl60_504	O5	1	6	0.166667
cl60_50	K144	2	2	1
cl60_50	O1	2	2	1
cl60_515	K169	14	14	1
cl60_515	O104	13	14	0.928571
cl60_515	O3b	1	14	0.0714286
cl60_518	K43	4	6	0.666667
cl60_518	O103	1	6	0.166667
cl60_518	O1	4	6	0.666667
cl60_518	O2a	1	6	0.166667
cl60_51	K130	6	12	0.5
cl60_51	K15	1	12	0.0833333
cl60_51	K61	3	12	0.25
cl60_51	O101	1	12	0.0833333
cl60_51	O1	3	12	0.25
cl60_51	O2ac	1	12	0.0833333
cl60_51	O2afg	1	12	0.0833333
cl60_51	O3/O3a	1	12	0.0833333
cl60_51	O5	5	12	0.416667
cl60_521	K176	6	7	0.857143
cl60_521	O102	3	7	0.428571
cl60_521	O2ac	4	7	0.571429
cl60_523	K47	3	4	0.75
cl60_523	O101	4	4	1
cl60_524	O1	2	4	0.5
cl60_524	O2a	2	4	0.5
cl60_532	K149	22	28	0.785714
cl60_532	K163	1	28	0.0357143
cl60_532	K46	1	28	0.0357143
cl60_532	O1	5	28	0.178571
cl60_532	O3b	2	28	0.0714286
cl60_532	O4	21	28	0.75
cl60_534	K34	2	4	0.5
cl60_534	O1	3	4	0.75
cl60_534	O2a	1	4	0.25
cl60_535	K30	6	7	0.857143
cl60_535	O1	5	7	0.714286
cl60_535	O2afg	2	7	0.285714
cl60_538	O104	1	2	0.5
cl60_538	O3b	1	2	0.5
cl60_543	K62	44	53	0.830189
cl60_543	O1	31	53	0.584906
cl60_543	O2a	9	53	0.169811
cl60_543	O2afg	13	53	0.245283
cl60_548	K33	1	1	1
cl60_548	O3b	1	1	1
cl60_550	K111	1	48	0.0208333
cl60_550	K46	35	48	0.729167
cl60_550	K51	1	48	0.0208333
cl60_550	O104	7	48	0.145833
cl60_550	O1	1	48	0.0208333
cl60_550	O12	3	48	0.0625
cl60_550	O3b	25	48	0.520833
cl60_550	O3/O3a	10	48	0.208333
cl60_550	O5	2	48	0.0416667
cl60_555	O12	2	2	1
cl60_557	K64	1	1	1
cl60_557	O2a	1	1	1
cl60_55	K107	18	82	0.219512
cl60_55	K127	1	82	0.0121951
cl60_55	K183	32	82	0.390244
cl60_55	K25	2	82	0.0243902
cl60_55	K56	4	82	0.0487805
cl60_55	K81	9	82	0.109756
cl60_55	O101	24	82	0.292683
cl60_55	O103	17	82	0.207317
cl60_55	O12	2	82	0.0243902
cl60_55	O1	8	82	0.097561
cl60_55	O2a	1	82	0.0121951
cl60_55	O2afg	18	82	0.219512
cl60_55	O3b	1	82	0.0121951
cl60_55	O5	8	82	0.097561
cl60_569	K104	1	10	0.1
cl60_569	K118	6	10	0.6
cl60_569	K155	1	10	0.1
cl60_569	O101	5	10	0.5
cl60_569	O1	1	10	0.1
cl60_569	O2afg	1	10	0.1
cl60_569	O5	1	10	0.1
cl60_56	O2afg	1	1	1
cl60_572	K1	1	78	0.0128205
cl60_572	K13	6	78	0.0769231
cl60_572	K174	2	78	0.025641
cl60_572	K2	48	78	0.615385
cl60_572	O103	1	78	0.0128205
cl60_572	O104	3	78	0.0384615
cl60_572	O1	44	78	0.564103
cl60_572	O2a	8	78	0.102564
cl60_572	O2afg	13	78	0.166667
cl60_572	O3b	7	78	0.0897436
cl60_572	O3/O3a	1	78	0.0128205
cl60_578	K64	1	2	0.5
cl60_578	O1	2	2	1
cl60_58	K10	74	92	0.804348
cl60_58	K112	1	92	0.0108696
cl60_58	K177	1	92	0.0108696
cl60_58	K9	1	92	0.0108696
cl60_58	O101	1	92	0.0108696
cl60_58	O104	1	92	0.0108696
cl60_58	O1	26	92	0.282609
cl60_58	O2a	1	92	0.0108696
cl60_58	O2afg	11	92	0.119565
cl60_58	O3b	5	92	0.0543478
cl60_58	O3/O3a	43	92	0.467391
cl60_58	O5	3	92	0.0326087
cl60_592	K142	1	2	0.5
cl60_592	O2a	1	2	0.5
cl60_592	O5	1	2	0.5
cl60_594	K166	1	1	1
cl60_594	O1	1	1	1
cl60_5	K126	11	15	0.733333
cl60_5	K81	1	15	0.0666667
cl60_5	O101	9	15	0.6
cl60_5	O103	1	15	0.0666667
cl60_5	O12	4	15	0.266667
cl60_600	K177	1	1	1
cl60_600	O3/O3a	1	1	1
cl60_607	K186	3	4	0.75
cl60_607	O1	2	4	0.5
cl60_607	O2a	1	4	0.25
cl60_607	O3/O3a	1	4	0.25
cl60_60	K107	3	24	0.125
cl60_60	K53	4	24	0.166667
cl60_60	K56	11	24	0.458333
cl60_60	K64	5	24	0.208333
cl60_60	O101	1	24	0.0416667
cl60_60	O103	4	24	0.166667
cl60_60	O12	6	24	0.25
cl60_60	O1	5	24	0.208333
cl60_60	O2afg	3	24	0.125
cl60_60	O3/O3a	4	24	0.166667
cl60_60	O5	1	24	0.0416667
cl60_614	O5	1	1	1
cl60_620	K128	4	4	1
cl60_620	O3b	3	4	0.75
cl60_620	O3/O3a	1	4	0.25
cl60_622	K64	1	1	1
cl60_622	O2a	1	1	1
cl60_624	O3/O3a	1	3	0.333333
cl60_624	O5	2	3	0.666667
cl60_626	K117	2	2	1
cl60_626	O2afg	2	2	1
cl60_629	K42	2	2	1
cl60_629	O4	2	2	1
cl60_634	K36	3	3	1
cl60_634	O4	3	3	1
cl60_639	K111	15	23	0.652174
cl60_639	K146	1	23	0.0434783
cl60_639	O101	1	23	0.0434783
cl60_639	O104	1	23	0.0434783
cl60_639	O2afg	1	23	0.0434783
cl60_639	O3b	18	23	0.782609
cl60_639	O3/O3a	2	23	0.0869565
cl60_63	K142	10	12	0.833333
cl60_63	O1	9	12	0.75
cl60_63	O2a	1	12	0.0833333
cl60_63	O5	2	12	0.166667
cl60_645	K141	5	6	0.833333
cl60_645	K62	1	6	0.166667
cl60_645	O1	1	6	0.166667
cl60_645	O4	5	6	0.833333
cl60_64	K112	1	35	0.0285714
cl60_64	K122	22	35	0.628571
cl60_64	K136	6	35	0.171429
cl60_64	K19	1	35	0.0285714
cl60_64	K62	1	35	0.0285714
cl60_64	O1	15	35	0.428571
cl60_64	O2afg	18	35	0.514286
cl60_64	O3b	1	35	0.0285714
cl60_654	K57	3	3	1
cl60_654	O2afg	2	3	0.666667
cl60_655	K12	1	1	1
cl60_655	O103	1	1	1
cl60_659	O101	2	6	0.333333
cl60_659	O3/O3a	4	6	0.666667
cl60_65	K139	2	2	1
cl60_65	O1	2	2	1
cl60_662	K10	1	1	1
cl60_662	O1	1	1	1
cl60_664	K64	1	1	1
cl60_664	O2a	1	1	1
cl60_665	K45	1	16	0.0625
cl60_665	K63	15	16	0.9375
cl60_665	O1	11	16	0.6875
cl60_665	O2afg	4	16	0.25
cl60_665	O3/O3a	1	16	0.0625
cl60_66	K105	3	69	0.0434783
cl60_66	K11	1	69	0.0144928
cl60_66	K115	1	69	0.0144928
cl60_66	K136	1	69	0.0144928
cl60_66	K14	3	69	0.0434783
cl60_66	K149	40	69	0.57971
cl60_66	K163	1	69	0.0144928
cl60_66	K17	3	69	0.0434783
cl60_66	K19	1	69	0.0144928
cl60_66	K38	1	69	0.0144928
cl60_66	K81	1	69	0.0144928
cl60_66	K9	7	69	0.101449
cl60_66	O101	1	69	0.0144928
cl60_66	O104	1	69	0.0144928
cl60_66	O1	20	69	0.289855
cl60_66	O2afg	7	69	0.101449
cl60_66	O3b	9	69	0.130435
cl60_66	O3/O3a	6	69	0.0869565
cl60_66	O4	24	69	0.347826
cl60_66	O5	1	69	0.0144928
cl60_670	K102	1	60	0.0166667
cl60_670	K10	3	60	0.05
cl60_670	K109	6	60	0.1
cl60_670	K110	2	60	0.0333333
cl60_670	K112	2	60	0.0333333
cl60_670	K122	1	60	0.0166667
cl60_670	K139	1	60	0.0166667
cl60_670	K142	2	60	0.0333333
cl60_670	K144	1	60	0.0166667
cl60_670	K15	1	60	0.0166667
cl60_670	K18	1	60	0.0166667
cl60_670	K19	2	60	0.0333333
cl60_670	K2	1	60	0.0166667
cl60_670	K22	1	60	0.0166667
cl60_670	K24	1	60	0.0166667
cl60_670	K25	1	60	0.0166667
cl60_670	K28	1	60	0.0166667
cl60_670	K31	2	60	0.0333333
cl60_670	K38	3	60	0.05
cl60_670	K39	1	60	0.0166667
cl60_670	K47	2	60	0.0333333
cl60_670	K55	1	60	0.0166667
cl60_670	K60	3	60	0.05
cl60_670	K61	2	60	0.0333333
cl60_670	K62	1	60	0.0166667
cl60_670	K64	1	60	0.0166667
cl60_670	K7	1	60	0.0166667
cl60_670	K8	1	60	0.0166667
cl60_670	K81	2	60	0.0333333
cl60_670	K9	3	60	0.05
cl60_670	O101	2	60	0.0333333
cl60_670	O1	35	60	0.583333
cl60_670	O2a	5	60	0.0833333
cl60_670	O2afg	11	60	0.183333
cl60_670	O3b	2	60	0.0333333
cl60_670	O4	3	60	0.05
cl60_670	O5	1	60	0.0166667
cl60_673	K173	1	1	1
cl60_673	O3b	1	1	1
cl60_67	K169	4	4	1
cl60_67	O104	3	4	0.75
cl60_67	O3b	1	4	0.25
cl60_680	K3	1	1	1
cl60_680	O2afg	1	1	1
cl60_681	K48	2	2	1
cl60_681	O1	1	2	0.5
cl60_681	O2a	1	2	0.5
cl60_685	K12	1	1	1
cl60_685	O103	1	1	1
cl60_68	K35	7	9	0.777778
cl60_68	O1	2	9	0.222222
cl60_68	O5	7	9	0.777778
cl60_693	K170	1	1	1
cl60_693	O5	1	1	1
cl60_694	O4	2	2	1
cl60_69	K135	1	27	0.037037
cl60_69	K157	1	27	0.037037
cl60_69	K166	16	27	0.592593
cl60_69	K9	4	27	0.148148
cl60_69	O103	1	27	0.037037
cl60_69	O1	2	27	0.0740741
cl60_69	O2a	1	27	0.037037
cl60_69	O2afg	6	27	0.222222
cl60_69	O3b	8	27	0.296296
cl60_69	O3/O3a	7	27	0.259259
cl60_69	O5	2	27	0.0740741
cl60_6	K133	1	71	0.0140845
cl60_6	K15	1	71	0.0140845
cl60_6	K2	1	71	0.0140845
cl60_6	K28	1	71	0.0140845
cl60_6	K38	58	71	0.816901
cl60_6	O1	11	71	0.15493
cl60_6	O12	4	71	0.056338
cl60_6	O2a	2	71	0.028169
cl60_6	O2afg	10	71	0.140845
cl60_6	O3b	33	71	0.464789
cl60_6	O3/O3a	1	71	0.0140845
cl60_6	O4	2	71	0.028169
cl60_6	O5	8	71	0.112676
cl60_700	K110	1	26	0.0384615
cl60_700	K112	1	26	0.0384615
cl60_700	K136	2	26	0.0769231
cl60_700	K174	1	26	0.0384615
cl60_700	K182	1	26	0.0384615
cl60_700	K25	13	26	0.5
cl60_700	O103	1	26	0.0384615
cl60_700	O1	10	26	0.384615
cl60_700	O2a	1	26	0.0384615
cl60_700	O2afg	3	26	0.115385
cl60_700	O3b	1	26	0.0384615
cl60_700	O5	10	26	0.384615
cl60_705	K169	11	14	0.785714
cl60_705	O104	11	14	0.785714
cl60_705	O3b	3	14	0.214286
cl60_707	K9	1	1	1
cl60_707	O1	1	1	1
cl60_70	K10	2	2	1
cl60_70	O3/O3a	2	2	1
cl60_710	K55	2	2	1
cl60_710	O1	1	2	0.5
cl60_710	O2afg	1	2	0.5
cl60_720	O2afg	1	1	1
cl60_726	O3/O3a	3	15	0.2
cl60_726	O5	12	15	0.8
cl60_728	K135	3	6	0.5
cl60_728	K166	2	6	0.333333
cl60_728	O103	2	6	0.333333
cl60_728	O3/O3a	3	6	0.5
cl60_728	O5	1	6	0.166667
cl60_72	K166	1	3	0.333333
cl60_72	O103	1	3	0.333333
cl60_72	O3/O3a	1	3	0.333333
cl60_72	O5	1	3	0.333333
cl60_731	K117	3	7	0.428571
cl60_731	K3	3	7	0.428571
cl60_731	O1	3	7	0.428571
cl60_731	O2afg	4	7	0.571429
cl60_735	O103	2	4	0.5
cl60_735	O4	2	4	0.5
cl60_737	O3b	1	1	1
cl60_749	K105	29	41	0.707317
cl60_749	K125	1	41	0.0243902
cl60_749	O1	3	41	0.0731707
cl60_749	O2a	3	41	0.0731707
cl60_749	O2afg	13	41	0.317073
cl60_749	O3b	10	41	0.243902
cl60_749	O3/O3a	1	41	0.0243902
cl60_749	O4	3	41	0.0731707
cl60_749	O5	7	41	0.170732
cl60_74	K10	5	146	0.0342466
cl60_74	K115	1	146	0.00684932
cl60_74	K123	12	146	0.0821918
cl60_74	K130	1	146	0.00684932
cl60_74	K14	1	146	0.00684932
cl60_74	K15	1	146	0.00684932
cl60_74	K17	2	146	0.0136986
cl60_74	K18	2	146	0.0136986
cl60_74	K183	3	146	0.0205479
cl60_74	K34	2	146	0.0136986
cl60_74	K60	83	146	0.568493
cl60_74	K62	2	146	0.0136986
cl60_74	K63	2	146	0.0136986
cl60_74	K64	1	146	0.00684932
cl60_74	K67	2	146	0.0136986
cl60_74	K71	2	146	0.0136986
cl60_74	O101	5	146	0.0342466
cl60_74	O103	2	146	0.0136986
cl60_74	O104	10	146	0.0684932
cl60_74	O1	22	146	0.150685
cl60_74	O2a	3	146	0.0205479
cl60_74	O2afg	5	146	0.0342466
cl60_74	O3b	19	146	0.130137
cl60_74	O3/O3a	29	146	0.19863
cl60_74	O4	3	146	0.0205479
cl60_74	O5	47	146	0.321918
cl60_753	O104	1	4	0.25
cl60_753	O2afg	1	4	0.25
cl60_753	O3b	1	4	0.25
cl60_753	O5	1	4	0.25
cl60_757	K124	1	1	1
cl60_757	O101	1	1	1
cl60_758	K47	1	1	1
cl60_758	O2a	1	1	1
cl60_764	K45	5	7	0.714286
cl60_764	O1	3	7	0.428571
cl60_764	O2a	1	7	0.142857
cl60_764	O2afg	2	7	0.285714
cl60_764	O3/O3a	1	7	0.142857
cl60_773	O3/O3a	3	6	0.5
cl60_773	O5	3	6	0.5
cl60_785	K148	2	2	1
cl60_785	O2afg	1	2	0.5
cl60_785	O3/O3a	1	2	0.5
cl60_786	K107	1	43	0.0232558
cl60_786	K135	1	43	0.0232558
cl60_786	K18	17	43	0.395349
cl60_786	K19	3	43	0.0697674
cl60_786	K46	4	43	0.0930233
cl60_786	K60	12	43	0.27907
cl60_786	O104	1	43	0.0232558
cl60_786	O1	11	43	0.255814
cl60_786	O12	1	43	0.0232558
cl60_786	O2a	2	43	0.0465116
cl60_786	O2afg	1	43	0.0232558
cl60_786	O3b	3	43	0.0697674
cl60_786	O3/O3a	9	43	0.209302
cl60_786	O4	1	43	0.0232558
cl60_786	O5	14	43	0.325581
cl60_78	K164	11	12	0.916667
cl60_78	O102	12	12	1
cl60_790	O104	1	1	1
cl60_791	K140	6	6	1
cl60_791	O1	2	6	0.333333
cl60_791	O2ac	1	6	0.166667
cl60_791	O2afg	2	6	0.333333
cl60_791	O3b	1	6	0.166667
cl60_793	O3/O3a	2	6	0.333333
cl60_793	O5	4	6	0.666667
cl60_79	K139	19	23	0.826087
cl60_79	K2	1	23	0.0434783
cl60_79	K28	1	23	0.0434783
cl60_79	O104	1	23	0.0434783
cl60_79	O1	11	23	0.478261
cl60_79	O3b	3	23	0.130435
cl60_79	O3/O3a	1	23	0.0434783
cl60_79	O4	6	23	0.26087
cl60_79	O5	1	23	0.0434783
cl60_802	K109	1	1	1
cl60_802	O2afg	1	1	1
cl60_803	K64	1	1	1
cl60_803	O2a	1	1	1
cl60_804	K119	8	9	0.888889
cl60_804	O2a	1	9	0.111111
cl60_804	O4	8	9	0.888889
cl60_812	K146	1	1	1
cl60_812	O1	1	1	1
cl60_814	O4	1	1	1
cl60_818	O104	1	2	0.5
cl60_818	O3b	1	2	0.5
cl60_81	K127	4	6	0.666667
cl60_81	O101	5	6	0.833333
cl60_81	O103	1	6	0.166667
cl60_82	K47	16	19	0.842105
cl60_82	K62	1	19	0.0526316
cl60_82	K64	1	19	0.0526316
cl60_82	O101	12	19	0.631579
cl60_82	O2a	2	19	0.105263
cl60_833	K153	1	133	0.0075188
cl60_833	K174	1	133	0.0075188
cl60_833	K25	2	133	0.0150376
cl60_833	K38	1	133	0.0075188
cl60_833	K42	2	133	0.0150376
cl60_833	K51	1	133	0.0075188
cl60_833	K62	99	133	0.744361
cl60_833	O101	1	133	0.0075188
cl60_833	O1	46	133	0.345865
cl60_833	O2a	77	133	0.578947
cl60_833	O2afg	1	133	0.0075188
cl60_833	O3b	1	133	0.0075188
cl60_833	O4	2	133	0.0150376
cl60_833	O5	4	133	0.0300752
cl60_839	O5	1	1	1
cl60_840	K64	1	1	1
cl60_840	O2a	1	1	1
cl60_845	K64	1	1	1
cl60_845	O2a	1	1	1
cl60_846	K64	1	1	1
cl60_846	O2a	1	1	1
cl60_853	O3/O3a	4	9	0.444444
cl60_853	O4	1	9	0.111111
cl60_853	O5	4	9	0.444444
cl60_854	K117	1	1	1
cl60_854	O1	1	1	1
cl60_855	K177	1	1	1
cl60_855	O3/O3a	1	1	1
cl60_862	O3/O3a	9	14	0.642857
cl60_862	O4	3	14	0.214286
cl60_862	O5	2	14	0.142857
cl60_864	K28	1	10	0.1
cl60_864	K66	8	10	0.8
cl60_864	O1	1	10	0.1
cl60_864	O12	5	10	0.5
cl60_864	O2afg	4	10	0.4
cl60_866	O3/O3a	1	1	1
cl60_869	K159	3	4	0.75
cl60_869	K21	1	4	0.25
cl60_869	O101	3	4	0.75
cl60_869	O5	1	4	0.25
cl60_86	K128	36	38	0.947368
cl60_86	O103	2	38	0.0526316
cl60_86	O104	1	38	0.0263158
cl60_86	O3b	23	38	0.605263
cl60_86	O3/O3a	12	38	0.315789
cl60_872	K186	1	1	1
cl60_872	O2a	1	1	1
cl60_875	K163	1	16	0.0625
cl60_875	K21	13	16	0.8125
cl60_875	O104	5	16	0.3125
cl60_875	O1	5	16	0.3125
cl60_875	O3b	6	16	0.375
cl60_882	K118	1	147	0.00680272
cl60_882	K119	5	147	0.0340136
cl60_882	K124	2	147	0.0136054
cl60_882	K131	1	147	0.00680272
cl60_882	K148	1	147	0.00680272
cl60_882	K21	2	147	0.0136054
cl60_882	K31	1	147	0.00680272
cl60_882	K35	2	147	0.0136054
cl60_882	K3	79	147	0.537415
cl60_882	K42	1	147	0.00680272
cl60_882	K47	1	147	0.00680272
cl60_882	K62	1	147	0.00680272
cl60_882	K7	9	147	0.0612245
cl60_882	O101	1	147	0.00680272
cl60_882	O12	1	147	0.00680272
cl60_882	O1	35	147	0.238095
cl60_882	O2a	8	147	0.0544218
cl60_882	O2ac	1	147	0.00680272
cl60_882	O2afg	73	147	0.496599
cl60_882	O3b	6	147	0.0408163
cl60_882	O3/O3a	5	147	0.0340136
cl60_882	O4	11	147	0.0748299
cl60_882	O5	6	147	0.0408163
cl60_887	K57	5	5	1
cl60_887	O2afg	3	5	0.6
cl60_887	O3b	1	5	0.2
cl60_899	O103	1	1	1
cl60_8	K102	3	546	0.00549451
cl60_8	K103	2	546	0.003663
cl60_8	K10	4	546	0.00732601
cl60_8	K104	1	546	0.0018315
cl60_8	K105	26	546	0.047619
cl60_8	K106	15	546	0.0274725
cl60_8	K107	41	546	0.0750916
cl60_8	K108	4	546	0.00732601
cl60_8	K110	1	546	0.0018315
cl60_8	K1	11	546	0.0201465
cl60_8	K11	1	546	0.0018315
cl60_8	K111	5	546	0.00915751
cl60_8	K112	3	546	0.00549451
cl60_8	K119	1	546	0.0018315
cl60_8	K122	2	546	0.003663
cl60_8	K123	3	546	0.00549451
cl60_8	K125	4	546	0.00732601
cl60_8	K136	1	546	0.0018315
cl60_8	K137	1	546	0.0018315
cl60_8	K13	90	546	0.164835
cl60_8	K141	1	546	0.0018315
cl60_8	K142	1	546	0.0018315
cl60_8	K143	1	546	0.0018315
cl60_8	K14	7	546	0.0128205
cl60_8	K147	1	546	0.0018315
cl60_8	K149	3	546	0.00549451
cl60_8	K150	1	546	0.0018315
cl60_8	K151	2	546	0.003663
cl60_8	K15	13	546	0.0238095
cl60_8	K155	2	546	0.003663
cl60_8	K157	1	546	0.0018315
cl60_8	K158	1	546	0.0018315
cl60_8	K167	1	546	0.0018315
cl60_8	K17	1	546	0.0018315
cl60_8	K173	1	546	0.0018315
cl60_8	K183	4	546	0.00732601
cl60_8	K19	5	546	0.00915751
cl60_8	K20	3	546	0.00549451
cl60_8	K21	2	546	0.003663
cl60_8	K22	6	546	0.010989
cl60_8	K23	8	546	0.014652
cl60_8	K24	18	546	0.032967
cl60_8	K25	3	546	0.00549451
cl60_8	K27	7	546	0.0128205
cl60_8	K2	8	546	0.014652
cl60_8	K28	7	546	0.0128205
cl60_8	K30	31	546	0.0567766
cl60_8	K31	6	546	0.010989
cl60_8	K3	3	546	0.00549451
cl60_8	K36	12	546	0.021978
cl60_8	K38	4	546	0.00732601
cl60_8	K39	11	546	0.0201465
cl60_8	K42	1	546	0.0018315
cl60_8	K46	1	546	0.0018315
cl60_8	K47	9	546	0.0164835
cl60_8	K51	1	546	0.0018315
cl60_8	K52	2	546	0.003663
cl60_8	K53	1	546	0.0018315
cl60_8	K54	1	546	0.0018315
cl60_8	K55	1	546	0.0018315
cl60_8	K57	1	546	0.0018315
cl60_8	K58	2	546	0.003663
cl60_8	K61	1	546	0.0018315
cl60_8	K62	4	546	0.00732601
cl60_8	K63	1	546	0.0018315
cl60_8	K64	16	546	0.029304
cl60_8	K71	1	546	0.0018315
cl60_8	K74	4	546	0.00732601
cl60_8	K8	1	546	0.0018315
cl60_8	K81	1	546	0.0018315
cl60_8	O101	18	546	0.032967
cl60_8	O104	17	546	0.0311355
cl60_8	O1	114	546	0.208791
cl60_8	O2a	65	546	0.119048
cl60_8	O2ac	5	546	0.00915751
cl60_8	O2afg	115	546	0.210623
cl60_8	O3b	94	546	0.172161
cl60_8	O3/O3a	28	546	0.0512821
cl60_8	O4	38	546	0.0695971
cl60_8	O5	21	546	0.0384615
cl60_901	O102	1	1	1
cl60_90	K102	1	53	0.0188679
cl60_90	K10	3	53	0.0566038
cl60_90	K111	2	53	0.0377358
cl60_90	K12	33	53	0.622642
cl60_90	K14	2	53	0.0377358
cl60_90	K149	1	53	0.0188679
cl60_90	K153	1	53	0.0188679
cl60_90	K163	1	53	0.0188679
cl60_90	K31	1	53	0.0188679
cl60_90	K38	1	53	0.0188679
cl60_90	O103	31	53	0.584906
cl60_90	O104	1	53	0.0188679
cl60_90	O1	8	53	0.150943
cl60_90	O2a	1	53	0.0188679
cl60_90	O2afg	1	53	0.0188679
cl60_90	O3b	4	53	0.0754717
cl60_90	O3/O3a	4	53	0.0754717
cl60_90	O4	1	53	0.0188679
cl60_914	K43	1	2	0.5
cl60_914	O2a	2	2	1
cl60_918	K127	5	11	0.454545
cl60_918	K159	2	11	0.181818
cl60_918	K182	3	11	0.272727
cl60_918	K62	1	11	0.0909091
cl60_918	O101	7	11	0.636364
cl60_918	O12	3	11	0.272727
cl60_91	K10	4	60	0.0666667
cl60_91	K123	22	60	0.366667
cl60_91	K183	3	60	0.05
cl60_91	K28	1	60	0.0166667
cl60_91	K60	17	60	0.283333
cl60_91	K62	2	60	0.0333333
cl60_91	K63	2	60	0.0333333
cl60_91	O101	3	60	0.05
cl60_91	O104	3	60	0.05
cl60_91	O1	9	60	0.15
cl60_91	O2afg	6	60	0.1
cl60_91	O3b	16	60	0.266667
cl60_91	O3/O3a	15	60	0.25
cl60_91	O5	6	60	0.1
cl60_930	K110	7	11	0.636364
cl60_930	K116	1	11	0.0909091
cl60_930	O104	1	11	0.0909091
cl60_930	O1	6	11	0.545455
cl60_930	O2a	1	11	0.0909091
cl60_930	O3b	2	11	0.181818
cl60_930	O5	1	11	0.0909091
cl60_933	K2	4	4	1
cl60_933	O1	3	4	0.75
cl60_933	O2afg	1	4	0.25
cl60_93	K36	2	2	1
cl60_93	O3/O3a	2	2	1
cl60_946	K107	1	3	0.333333
cl60_946	K141	1	3	0.333333
cl60_946	K43	1	3	0.333333
cl60_946	O1	1	3	0.333333
cl60_946	O3b	1	3	0.333333
cl60_946	O4	1	3	0.333333
cl60_962	O3/O3a	5	7	0.714286
cl60_962	O5	2	7	0.285714
cl60_975	K105	1	12	0.0833333
cl60_975	K109	1	12	0.0833333
cl60_975	K162	4	12	0.333333
cl60_975	K72	4	12	0.333333
cl60_975	K8	1	12	0.0833333
cl60_975	O1	1	12	0.0833333
cl60_975	O2a	3	12	0.25
cl60_975	O2afg	2	12	0.166667
cl60_975	O3b	2	12	0.166667
cl60_97	K107	1	117	0.00854701
cl60_97	K110	1	117	0.00854701
cl60_97	K122	1	117	0.00854701
cl60_97	K131	1	117	0.00854701
cl60_97	K145	1	117	0.00854701
cl60_97	K147	2	117	0.017094
cl60_97	K148	1	117	0.00854701
cl60_97	K15	1	117	0.00854701
cl60_97	K151	1	117	0.00854701
cl60_97	K18	5	117	0.042735
cl60_97	K19	80	117	0.683761
cl60_97	K27	1	117	0.00854701
cl60_97	K28	1	117	0.00854701
cl60_97	K3	1	117	0.00854701
cl60_97	K39	1	117	0.00854701
cl60_97	O1	59	117	0.504274
cl60_97	O2a	4	117	0.034188
cl60_97	O2afg	32	117	0.273504
cl60_97	O3b	3	117	0.025641
cl60_97	O3/O3a	9	117	0.0769231
cl60_97	O4	6	117	0.0512821
cl60_97	O5	4	117	0.034188
cl60_98	K177	1	1	1
cl60_98	O3/O3a	1	1	1
cl60_990	K111	1	1	1
cl60_990	O3b	1	1	1
cl60_99	K184	1	1	1
cl60_99	O103	1	1	1
cl60_9	K118	6	8	0.75
cl60_9	K30	1	8	0.125
cl60_9	K3	1	8	0.125
cl60_9	O101	4	8	0.5
cl60_9	O1	2	8	0.25
